accDefRate,dPntCnt,gPntCnt,hPntCnt,accExamCnt,statusTime,uPntCnt,resutlNegCnt,statusDt,accExamCompCnt,careCnt
3.234501348,0,0,12,371,00:00,0,359,20200201,371,12
3.496503497,0,0,15,429,00:00,0,414,20200202,429,15
3.06122449,0,0,15,490,00:00,0,475,20200203,490,15
2.635914333,0,0,16,607,00:00,0,591,20200204,607,16
3.115727003,0,0,21,714,19:00,40,653,20200205,674,21
3.351955307,0,0,24,885,09:00,169,692,20200206,716,24
2.98879203,2,0,24,1130,16:00,327,779,20200207,803,22
2.220166512,2,0,24,1701,16:00,620,1057,20200208,1081,22
1.859504132,2,0,27,2340,16:00,888,1425,20200209,1452,25
1.247216036,3,0,28,2776,16:00,531,2217,20200210,2245,25
0.976630624,4,0,28,3629,16:00,762,2839,20200211,2867,24
0.652832828,4,0,28,5074,16:00,785,4261,20200212,4289,24
0.534861509,7,0,28,5797,16:00,562,5207,20200213,5235,21
0.443108087,7,0,28,6854,16:00,535,6291,20200214,6319,21
0.402241057,7,0,28,7519,16:00,558,6933,20200215,6961,21
0.403551251,9,0,30,7919,16:00,485,7404,20200216,7434,21
0.401983117,9,0,30,8171,16:00,708,7433,20200217,7463,21
0.378832722,10,0,32,9265,16:00,818,8415,20200218,8447,22
0.712589074,12,0,66,10411,16:00,1149,9196,20200219,9262,54
0.796039219,16,1,82,12161,16:00,1860,10219,20200220,10301,65
1.340666896,16,1,156,14816,16:00,3180,11480,20200221,11636,139
2.547114252,17,3,346,19621,16:00,6037,13238,20200222,13584,326
3.814489572,17,3,556,22633,16:00,8057,14020,20200223,14576,536
4.492463495,17,7,763,28615,16:00,11631,16221,20200224,16984,739
3.910492205,21,8,893,36716,00:00,13880,21943,20200225,22836,864
4.509857936,21,11,1146,46127,00:00,20716,24265,20200226,25411,1114
4.919499106,23,12,1595,57990,00:00,25568,30827,20200227,32422,1560
4.967692799,25,13,2022,70940,00:00,30237,38681,20200228,40703,1984
5.802696442,26,16,2931,85693,00:00,35182,47580,20200229,50511,2889
5.541846758,28,17,3526,96985,00:00,33360,60099,20200301,63625,3481
5.557314756,30,23,4212,109591,00:00,33799,71580,20200302,75792,4159
5.329139718,34,28,4812,125851,00:00,35555,85484,20200303,90296,4750
4.919985595,40,32,5328,136707,00:00,28414,102965,20200304,108293,5256
4.622748154,86,35,5766,146541,00:00,21810,118965,20200305,124731,5645
4.397234584,106,42,6284,164740,00:00,21832,136624,20200306,142908,6136
4.267542836,115,44,6767,178189,00:00,19620,151802,20200307,158569,6608
4.21775786,126,50,7134,188518,00:00,19376,162008,20200308,169142,6958
4.120339361,159,51,7382,196618,00:00,17458,171778,20200309,179160,7172
3.919308057,232,54,7513,210144,00:00,18452,184179,20200310,191692,7227
3.804174536,272,60,7755,222395,00:00,18540,196100,20200311,203855,7423
3.621744273,318,66,7869,234998,00:00,17727,209402,20200312,217271,7485
3.458499309,490,67,7979,248647,00:00,17940,222728,20200313,230707,7422
3.318000336,690,72,8086,261335,00:00,17634,235615,20200314,243701,7324
3.239660237,807,75,8162,268212,00:00,16272,243778,20200315,251940,7280
3.173392208,1106,75,8236,274504,00:00,14971,251297,20200316,259533,7055
3.088057901,1362,81,8320,286716,00:00,17291,261105,20200317,269425,6877
3.012162506,1498,84,8413,295647,00:00,16346,270888,20200318,279301,6831
2.942085738,1896,91,8565,307024,00:00,15904,282555,20200319,291120,6578
2.873091828,2173,94,8652,316664,00:00,15525,292487,20200320,301139,6385
2.82195603,2536,102,8799,327509,00:00,15704,303006,20200321,311805,6161
2.804501324,2817,104,8897,331780,00:00,14540,308343,20200322,317240,5976
2.762262336,3065,111,8961,338036,00:00,13628,315447,20200323,324408,5785
2.712657065,3396,120,9037,348582,00:00,15440,324105,20200324,333142,5521
2.659057442,3606,126,9137,357896,00:00,14278,334481,20200325,343618,5405
2.635970254,4001,131,9241,364942,00:00,14369,341332,20200326,350573,5109
2.579739151,4367,139,9332,376961,00:00,15219,352410,20200327,361742,4826
2.552233541,4641,144,9478,387925,00:00,16564,361883,20200328,371361,4693
2.527742388,4857,152,9583,394141,00:00,15028,369530,20200329,379113,4574
2.506934876,5043,158,9661,398902,00:00,13531,375710,20200330,385371,4460
2.485825764,5206,162,9786,410564,00:00,16892,383886,20200331,393672,4418
2.441463644,5361,165,9887,421547,00:00,16585,395075,20200401,404962,4361
2.410488622,5609,169,9976,431743,00:00,17885,403882,20200402,413858,4198
2.371072072,5789,174,10062,443273,00:00,18908,414303,20200403,424365,4099
2.33531392,6084,177,10156,455032,00:00,20144,424732,20200404,434888,3895
2.317835811,6227,183,10237,461233,00:00,19571,431425,20200405,441662,3827
2.298054341,6359,186,10284,466804,00:00,19295,437225,20200406,447509,3739
2.262325524,6451,192,10331,477304,00:00,20650,446323,20200407,456654,3688
2.218116182,6530,200,10384,486003,00:00,17858,457761,20200408,468145,3654
2.175074395,6715,204,10423,494711,00:00,15509,468779,20200409,479202,3504
2.142477853,6871,208,10450,503051,00:00,15298,477303,20200410,487753,3371
2.111162368,6994,211,10480,510479,00:00,14070,485929,20200411,496409,3275
2.098903227,7122,214,10512,514621,00:00,13788,490321,20200412,500833,3176
2.08508129,7198,217,10537,518743,00:00,13391,494815,20200413,505352,3122
2.060114628,7291,222,10564,527438,00:00,14651,502223,20200414,512787,3051
2.038589022,7377,225,10591,534552,00:00,15026,508935,20200415,519526,2989
2.023423901,7516,229,10613,538775,00:00,14268,513894,20200416,524507,2868
1.998019828,7598,230,10635,546463,00:00,14186,521642,20200417,532277,2807
1.968098078,7706,232,10653,554834,00:00,13550,530631,20200418,541284,2715
1.949472083,7807,234,10661,559109,00:00,12243,536205,20200419,546866,2620
1.937015247,7873,236,10674,563035,00:00,11981,540380,20200420,551054,2565
1.913511364,7976,237,10683,571014,00:00,12721,547610,20200421,558293,2470
1.88994023,8047,238,10694,577959,00:00,12121,555144,20200422,565838,2409
1.865005786,8192,240,10702,583971,00:00,10139,563130,20200423,573832,2270
1.846461581,8284,240,10708,589520,00:00,9600,569212,20200424,579920,2184
1.829316166,8436,240,10718,595161,00:00,9259,575184,20200425,585902,2042
1.820508208,8525,242,10728,598285,00:00,8999,578558,20200426,589286,1961
1.811510464,8573,243,10738,601660,00:00,8895,582027,20200427,592765,1922
1.794060179,8673,244,10752,608514,00:00,9203,588559,20200428,599311,1835
1.776064962,8736,246,10761,614197,00:00,8307,595129,20200429,605890,1779
1.761153838,8876,247,10765,619881,00:00,8634,600482,20200430,611247,1642
1.753626397,8910,248,10774,623069,00:00,8685,603610,20200501,614384,1616
1.741332911,8968,250,10780,627562,00:00,8496,608286,20200502,619066,1562
1.734135623,9032,250,10793,630973,00:00,8588,611592,20200503,622385,1511
1.726102486,9073,252,10801,633921,00:00,8176,614944,20200504,625745,1476
1.711175063,9144,254,10804,640237,00:00,8858,620575,20200505,631379,1406
1.701501844,9195,255,10806,643095,00:00,8009,624280,20200506,635086,1356
1.686535332,9286,256,10810,649388,00:00,8429,630149,20200507,640959,1268
1.675242571,9356,256,10822,654863,00:00,8867,635174,20200508,645996,1210
1.665445238,9444,256,10840,660030,00:00,9153,640037,20200509,650877,1140
1.663306606,9493,256,10874,663886,00:00,10128,642884,20200510,653758,1125
1.658986876,9527,256,10909,668492,00:00,10922,646661,20200511,657570,1126
1.645600096,9567,258,10936,680890,00:00,16330,653624,20200512,664560,1111
1.62078005,9629,259,10962,695920,00:00,19579,665379,20200513,676341,1074
1.591141377,9709,260,10991,711484,00:00,20722,679771,20200514,690762,1022
1.558698039,9774,260,11018,726747,00:00,19875,695854,20200515,706872,984
1.528031211,9811,262,11037,740645,00:00,18343,711265,20200516,722302,964
1.513713145,9860,262,11050,747653,00:00,17660,718943,20200517,729993,928
1.501116511,9883,263,11065,753211,00:00,16093,726053,20200518,737118,919
1.479732158,9930,263,11078,765574,00:00,16925,737571,20200519,748649,885
1.461684397,10061,263,11110,776433,00:00,16351,748972,20200520,760082,786
1.443300307,10132,264,11122,788684,00:00,18089,759473,20200521,770595,726
1.42456772,10159,264,11142,802418,00:00,20286,770990,20200522,782132,719
1.408209109,10192,266,11165,814420,00:00,21569,781686,20200523,792851,707
1.398826935,10211,266,11190,820289,00:00,20333,788766,20200524,799956,713
1.388001209,10224,267,11206,826437,00:00,19089,796142,20200525,807348,715
1.373204589,10273,269,11225,839475,00:00,22044,806206,20200526,817431,683
1.354267475,10294,269,11265,852876,00:00,21061,820550,20200527,831815,702
1.340429353,10339,269,11344,868666,00:00,22370,834952,20200528,846296,736
1.324946576,10362,269,11402,885120,00:00,24557,849161,20200529,860563,771
1.305151819,10397,269,11441,902901,00:00,26298,865162,20200530,876603,775
1.292128248,10404,270,11468,910822,00:00,23294,876060,20200531,887528,794
1.281909837,10421,271,11503,921391,00:00,24058,885830,20200601,897333,811
1.266948357,10445,272,11541,939851,00:00,28922,899388,20200602,910929,824
1.247595499,10466,273,11590,956852,00:00,27865,917397,20200603,928987,851
1.229724457,10498,273,11629,973858,00:00,28199,934030,20200604,945659,858
1.212645267,10505,273,11668,990960,00:00,28766,950526,20200605,962194,890
1.199057452,10531,273,11719,1005305,00:00,27954,965632,20200606,977351,915
1.193971741,10552,273,11776,1012769,00:00,26481,974512,20200607,986288,951
1.188621911,10563,273,11813,1018214,00:00,24374,982027,20200608,993840,977
1.175067276,10590,274,11851,1035997,00:00,27459,996687,20200609,1008538,987
1.160225357,10611,276,11901,1051972,00:00,26223,1013848,20200610,1025749,1014
1.147116269,10653,276,11946,1066888,00:00,25494,1029448,20200611,1041394,1017
1.135217859,10668,277,12002,1081486,00:00,24244,1045240,20200612,1057242,1057
1.124747049,10691,277,12050,1094704,00:00,23352,1059302,20200613,1071352,1082
1.119955958,10718,277,12084,1100327,00:00,21356,1066887,20200614,1078971,1089
1.117219055,10730,277,12121,1105719,00:00,20793,1072805,20200615,1084926,1114
1.107885538,10760,278,12155,1119767,00:00,22632,1084980,20200616,1097135,1117
1.097599821,10774,279,12198,1132823,00:00,21489,1099136,20200617,1111334,1145
1.090482367,10800,280,12257,1145712,00:00,21714,1111741,20200618,1123998,1177
1.082442806,10835,280,12306,1158063,00:00,21190,1124567,20200619,1136873,1191
1.07644565,10860,280,12373,1170901,00:00,21470,1137058,20200620,1149431,1233
1.074116736,10867,280,12421,1176463,00:00,20071,1143971,20200621,1156392,1274
1.069785484,10880,280,12438,1182066,00:00,19403,1150225,20200622,1162663,1278
1.063614073,10907,281,12484,1196012,00:00,22278,1161250,20200623,1173734,1296
1.05482214,10929,281,12535,1208597,00:00,20245,1175817,20200624,1188352,1325
1.045541779,10973,282,12563,1220478,00:00,18900,1189015,20200625,1201578,1308
1.03849485,11171,282,12602,1232315,00:00,18828,1200885,20200626,1213487,1149
1.033814467,11314,282,12653,1243780,00:00,19866,1211261,20200627,1223914,1057
1.03148399,11360,282,12715,1251695,00:00,19005,1219975,20200628,1232690,1073
1.027584568,11425,282,12757,1259954,00:00,18499,1228698,20200629,1241455,1050
1.021504347,11533,282,12799,1273765,00:00,20809,1240157,20200630,1252956,984
1.015244468,11611,282,12850,1285231,00:00,19526,1252855,20200701,1265705,957
1.011142629,11681,282,12904,1295962,00:00,19782,1263276,20200702,1276180,941
1.00800887,11755,282,12965,1307759,00:00,21560,1273234,20200703,1286199,928
1.00431699,11808,283,13028,1319521,00:00,22321,1284172,20200704,1297200,937
1.003445246,11828,283,13089,1326055,00:00,21649,1291317,20200705,1304406,978
1.002438756,11845,284,13137,1331796,00:00,21292,1297367,20200706,1310504,1008
0.996658649,11911,285,13181,1346194,00:00,23675,1309338,20200707,1322519,985
0.991448819,11967,285,13243,1359734,00:00,24012,1322479,20200708,1335722,991
0.986230756,12016,287,13293,1371771,00:00,23912,1334566,20200709,1347859,990
0.97975338,12061,288,13338,1384890,00:00,23527,1348025,20200710,1361363,989
0.973296041,12139,288,13373,1396941,00:00,22950,1360618,20200711,1373991,946
0.972025206,12173,289,13417,1402144,00:00,21830,1366897,20200712,1380314,955
0.972183254,12198,289,13479,1408312,00:00,21845,1372988,20200713,1386467,992
0.967681639,12275,289,13512,1420616,00:00,24289,1382815,20200714,1396327,948
0.96241599,12344,289,13551,1431316,00:00,23297,1394468,20200715,1408019,918
0.959981494,12393,291,13612,1441348,00:00,23404,1404332,20200716,1417944,928
0.957485326,12455,293,13672,1451017,00:00,23110,1414235,20200717,1427907,924
0.953954028,12513,294,13711,1460204,00:00,22923,1423570,20200718,1437281,904
0.952301111,12549,295,13745,1465299,00:00,21953,1429601,20200719,1443346,901
0.950451069,12567,296,13771,1470193,00:00,21302,1435120,20200720,1448891,908
0.947257711,12638,296,13816,1482390,00:00,23864,1444710,20200721,1458526,882
0.943944175,12692,297,13879,1492071,00:00,21751,1456441,20200722,1470320,890
0.942115779,12752,297,13938,1500854,00:00,21418,1465498,20200723,1479436,889
0.938334022,12811,298,13979,1510327,00:00,20559,1475789,20200724,1489768,870
0.940122872,12860,298,14092,1518634,00:00,19681,1484861,20200725,1498953,934
0.94100466,12884,298,14150,1522926,00:00,19214,1489562,20200726,1503712,968
0.939859595,12899,299,14175,1526974,00:00,18770,1494029,20200727,1508204,977
0.93609533,13002,300,14203,1537704,00:00,20444,1503057,20200728,1517260,901
0.932668665,13066,300,14251,1547307,00:00,19326,1513730,20200729,1527981,885
0.928247973,13128,300,14269,1556215,00:00,19018,1522928,20200730,1537197,841
0.925610787,13179,301,14305,1563796,00:00,18330,1531161,20200731,1545466,825
0.922788552,13228,301,14336,1571830,00:00,18278,1539216,20200801,1553552,807
0.921796779,13254,301,14366,1576246,00:00,17768,1544112,20200802,1558478,811
0.920980878,13275,301,14389,1579757,00:00,17401,1547967,20200803,1562356,813
0.918044933,13346,301,14423,1589780,00:00,18724,1556633,20200804,1571056,776
0.915112202,13402,302,14456,1598187,00:00,18490,1565241,20200805,1579697,752
0.912773158,13496,302,14499,1606487,00:00,18031,1573957,20200806,1588456,701
0.909379024,13540,303,14519,1613652,00:00,17068,1582065,20200807,1596584,676
0.907623929,13625,304,14562,1620514,00:00,16105,1589847,20200808,1604409,633
0.907922209,13638,305,14598,1624650,00:00,16803,1593249,20200809,1607847,655
0.907372448,13654,305,14626,1628303,00:00,16396,1597281,20200810,1611907,667
0.904740011,13725,305,14660,1637844,00:00,17489,1605695,20200811,1620355,630
0.903099964,13783,305,14714,1646652,00:00,17375,1614563,20200812,1629277,626
0.902205119,13814,305,14770,1654898,00:00,17798,1622330,20200813,1637100,651
0.904160121,13861,305,14873,1665084,00:00,20132,1630079,20200814,1644952,707
0.909427349,13899,305,15039,1675296,00:00,21618,1638639,20200815,1653678,835
0.922892283,13908,305,15318,1681787,00:00,22005,1644464,20200816,1659782,1105
0.931548731,13915,305,15515,1688470,00:00,22964,1649991,20200817,1665506,1295
0.942743341,13932,306,15761,1697042,00:00,25219,1656062,20200818,1671823,1523
0.953539164,14004,306,16058,1715064,00:00,31022,1667984,20200819,1684042,1748
0.96204722,14061,307,16346,1734083,00:00,34998,1682739,20200820,1699085,1978
0.971401067,14118,309,16670,1754123,00:00,38045,1699408,20200821,1716078,2243
0.980862169,14166,309,17002,1775800,00:00,42427,1716371,20200822,1733373,2527
0.997808011,14197,309,17398,1791186,00:00,47564,1726224,20200823,1743622,2892
1.005678004,14216,309,17664,1804422,00:00,47995,1738763,20200824,1756427,3139
1.010659119,14283,310,17944,1825837,00:00,50362,1757531,20200825,1775475,3351
1.016524082,14364,312,18264,1849506,00:00,52795,1778447,20200826,1796711,3588
1.029139418,14457,313,18705,1869579,00:00,52041,1798833,20200827,1817538,3935
1.038428835,14547,316,19076,1887717,00:00,50711,1817930,20200828,1837006,4213
1.045608675,14760,321,19399,1909329,00:00,54046,1835884,20200829,1855283,4318
1.055542725,14898,323,19698,1924170,00:00,58021,1846451,20200830,1866149,4477
1.061062989,14966,324,19946,1937689,00:00,57876,1859867,20200831,1879813,4656
1.060853045,15192,324,20181,1959080,00:00,56743,1882156,20200901,1902337,4665
1.063036151,15351,326,20448,1980295,00:00,56748,1903099,20200902,1923547,4771
1.061321482,15522,329,20643,2000552,00:00,55524,1924385,20200903,1945028,4792
1.059726234,15764,331,20841,2018906,00:00,52266,1945799,20200904,1966640,4746
1.058404972,15983,333,21009,2037045,00:00,52077,1963959,20200905,1984968,4693
1.060754971,16118,334,21176,2045935,00:00,49621,1975138,20200906,1996314,4724
1.062525072,16288,336,21295,2051297,00:00,47109,1982893,20200907,2004188,4671
1.059520208,16631,341,21431,2066078,00:00,43370,2001277,20200908,2022708,4459
1.0552373,17016,344,21587,2082234,00:00,36533,2024114,20200909,2045701,4227
1.052079941,17353,346,21742,2099591,00:00,33018,2044831,20200910,2066573,4043
1.048814521,17609,350,21918,2119211,00:00,29423,2067870,20200911,2089788,3959
1.046388101,18022,355,22054,2135457,00:00,27826,2085577,20200912,2107631,3677
1.048183346,18221,358,22175,2143270,00:00,27705,2093390,20200913,2115565,3596
1.049386728,18482,363,22284,2151002,00:00,27476,2101242,20200914,2123526,3439
1.047599084,18870,367,22390,2164578,00:00,27310,2114878,20200915,2137268,3153
1.045197609,19298,367,22503,2178832,00:00,25842,2130487,20200916,2152990,2838
1.045797975,19533,372,22656,2191892,00:00,25508,2143728,20200917,2166384,2751
1.044584913,19761,377,22782,2206365,00:00,25403,2158180,20200918,2180962,2644
1.043173778,19962,378,22892,2219162,00:00,24705,2171565,20200919,2194457,2552
1.043121974,20150,383,22974,2226701,00:00,24274,2179453,20200920,2202427,2441
1.043161934,20239,385,23044,2231589,00:00,22536,2186009,20200921,2209053,2420
1.039880462,20434,388,23105,2245112,00:00,23222,2198785,20200922,2221890,2283
1.038065223,20643,388,23215,2256899,00:00,20527,2213157,20200923,2236372,2184
1.038156014,20824,393,23340,2268999,00:00,20782,2224877,20200924,2248217,2123
1.037465813,20971,395,23454,2280276,00:00,19575,2237247,20200925,2260701,2088
1.035065456,21158,399,23515,2290345,00:00,18508,2248322,20200926,2271837,1958
1.036599742,21240,401,23610,2296517,00:00,18878,2254029,20200927,2277639,1969
1.036484609,21284,406,23660,2301303,00:00,18587,2259056,20200928,2282716,1970
1.033498649,21462,407,23698,2313044,00:00,20056,2269290,20200929,2292988,1829
1.034180376,21586,413,23811,2322999,00:00,20596,2278592,20200930,2302403,1812
1.508973374,42929,917,61753,4269312,00:00,176927,4030632,20210101,4092385,17907
1.517507982,43546,942,62573,4302792,00:00,179387,4060832,20210102,4123405,18085
1.522015425,44477,962,63230,4340832,00:00,186472,4091130,20210103,4154360,17791
1.534925834,45208,981,64250,4376602,00:00,190732,4121620,20210104,4185870,18061
1.530147779,46137,1007,64964,4439354,00:00,193751,4180639,20210105,4245603,17820
1.525745123,46965,1027,65802,4504860,00:00,192082,4246976,20210106,4312778,17810
1.522850408,47622,1046,66671,4569802,00:00,191762,4311369,20210107,4378040,18003
1.516934389,48329,1081,67345,4629998,00:00,190452,4372201,20210108,4439546,17935
1.509563165,49283,1100,67986,4689610,00:00,185923,4435701,20210109,4503687,17603
1.5146283,50387,1125,68643,4723457,00:00,191454,4463360,20210110,4532003,17131
1.514582908,52523,1140,69094,4751679,00:00,189763,4492822,20210111,4561916,15431
1.504783882,53537,1165,69631,4814079,00:00,186770,4557678,20210112,4627309,14929
1.496825175,54607,1185,70192,4872306,00:00,182914,4619200,20210113,4689392,14400
1.487001355,55672,1195,70716,4925353,00:00,169742,4684895,20210114,4755611,13849
1.479065025,56493,1217,71228,4978068,00:00,162323,4744517,20210115,4815745,13518
1.472493784,57512,1236,71808,5032264,00:00,155639,4804817,20210116,4876625,13060
1.475509797,58205,1249,72328,5061284,00:00,159385,4829571,20210117,4901899,12874
1.475235531,58677,1264,72717,5087214,00:00,158035,4856462,20210118,4929179,12776
1.466172614,59434,1283,73103,5140320,00:00,154345,4912872,20210119,4985975,12386
1.457320534,60144,1300,73507,5192124,00:00,148141,4970476,20210120,5043983,12063
1.45014296,60816,1316,73907,5237602,00:00,141070,5022625,20210121,5096532,11775
1.442061196,61384,1328,74253,5282220,00:00,133132,5074835,20210122,5149088,11541
1.438145992,62016,1337,74684,5329704,00:00,136629,5118391,20210123,5193075,11331
1.438628623,62503,1349,75076,5354346,00:00,135765,5143505,20210124,5218581,11224
1.440666034,62930,1360,75513,5376083,00:00,134549,5166021,20210125,5241534,11223
1.435655706,64768,1371,75862,5422760,00:00,138624,5208274,20210126,5284136,9723
1.433570126,65456,1378,76421,5469244,00:00,138427,5254396,20210127,5330817,9587
1.428968994,65996,1386,76918,5522186,00:00,139424,5305844,20210128,5382762,9536
1.426092065,66480,1399,77387,5569261,00:00,142753,5349121,20210129,5426508,9508
1.422899166,67097,1414,77843,5616527,00:00,145795,5392889,20210130,5470732,9332
1.424024729,67837,1420,78197,5640817,00:00,149550,5413070,20210131,5491267,8940
1.424102272,68287,1425,78502,5661841,00:00,149456,5433883,20210201,5512385,8790
1.418677606,68756,1435,78838,5711412,00:00,154265,5478309,20210202,5557147,8647
1.411657527,69280,1441,79305,5756713,00:00,138849,5538559,20210203,5617864,8584
1.403523344,69687,1448,79756,5803094,00:00,120538,5602800,20210204,5682556,8621
1.395991442,70088,1459,80126,5847177,00:00,107457,5659594,20210205,5739720,8579
1.389242841,70490,1464,80516,5893352,00:00,97677,5715159,20210206,5795675,8562
1.388326537,70840,1471,80887,5916974,00:00,90751,5745336,20210207,5826223,8576
1.386812206,71204,1474,81175,5938195,00:00,84843,5772177,20210208,5853352,8497
1.379866528,71661,1482,81478,5987404,00:00,82630,5823296,20210209,5904774,8335
1.376852832,72210,1486,81922,6030022,00:00,80076,5868024,20210210,5949946,8226
1.376429369,72627,1496,82426,6070007,00:00,81614,5905967,20210211,5988393,8303
1.377611702,72927,1507,82829,6093368,00:00,80861,5929678,20210212,6012507,8395
1.376175852,73219,1514,83191,6115336,00:00,70251,5961894,20210213,6045085,8458
1.377739762,73551,1522,83517,6140085,00:00,78200,5978368,20210214,6061885,8444
1.378661134,73786,1527,83860,6162859,00:00,80146,5998853,20210215,6082713,8547
1.374003682,74541,1534,84317,6213489,00:00,76897,6052275,20210216,6136592,8242
1.372589831,75350,1538,84938,6260566,00:00,72410,6103218,20210217,6188156,8050
1.372789348,75887,1544,85559,6303213,00:00,70720,6146934,20210218,6232493,8128
1.372457619,76503,1550,86120,6345991,00:00,71116,6188755,20210219,6274875,8067
1.37094142,77071,1553,86568,6390630,00:00,76137,6227925,20210220,6314493,7944
1.372424003,77502,1557,86984,6411339,00:00,73356,6250999,20210221,6337983,7925
1.373609691,77872,1562,87316,6429143,00:00,72461,6269366,20210222,6356682,7882
1.370171942,78379,1573,87672,6472678,00:00,74065,6310941,20210223,6398613,7720
1.369049312,79035,1576,88112,6510987,00:00,74988,6347887,20210224,6435999,7501
1.365313386,79473,1581,88507,6551213,00:00,68672,6394034,20210225,6482541,7453
1.363170117,79865,1585,88894,6590065,00:00,68942,6432229,20210226,6521123,7444
1.361786154,80318,1595,89309,6627214,00:00,68989,6468916,20210227,6558225,7396
1.363479598,80683,1603,89664,6649005,00:00,72889,6486452,20210228,6576116,7378
1.365577626,81056,1605,90019,6665754,00:00,73745,6501990,20210301,6592009,7358
1.367366453,81324,1606,90363,6681975,00:00,73432,6518180,20210302,6608543,7433
1.365450011,81687,1612,90807,6716202,00:00,65867,6559528,20210303,6650335,7508
1.363323226,82148,1619,91231,6751899,00:00,60089,6600579,20210304,6691810,7464
1.362451625,82545,1627,91629,6789010,00:00,63707,6633674,20210305,6725303,7457
1.362292728,82901,1632,92047,6821942,00:00,65171,6664724,20210306,6756771,7514
1.364419324,83207,1634,92463,6843125,00:00,66396,6684266,20210307,6776729,7622
1.365960332,83462,1642,92809,6861808,00:00,67394,6701605,20210308,6794414,7705
1.364877361,83889,1645,93255,6902983,00:00,70501,6739227,20210309,6832482,7721
1.364541999,84301,1648,93725,6938883,00:00,70278,6774880,20210310,6868605,7776
1.363346349,84665,1652,94190,6976984,00:00,68248,6814546,20210311,6908736,7873
1.363465187,85732,1662,94678,7012663,00:00,68738,6849247,20210312,6943925,7284
1.36365193,86613,1667,95168,7046781,00:00,67874,6883739,20210313,6978907,6888
1.366772257,87393,1669,95627,7066400,00:00,69843,6900930,20210314,6996557,6565
1.368903786,87740,1675,96006,7084939,00:00,71590,6917343,20210315,7013349,6591
1.367317856,88240,1678,96369,7126076,00:00,78044,6951663,20210316,7048032,6451
1.366215546,88799,1686,96838,7171509,00:00,83462,6991209,20210317,7088047,6353
1.364731094,89164,1688,97283,7218086,00:00,89722,7031081,20210318,7128364,6431
1.362010055,89508,1690,97746,7264940,00:00,88341,7078853,20210319,7176599,6548
1.36078075,89935,1693,98193,7308949,00:00,93018,7117738,20210320,7215931,6565
1.363609032,90314,1696,98649,7332713,00:00,98308,7135756,20210321,7234405,6639
1.365866653,90597,1697,99064,7355963,00:00,103132,7153767,20210322,7252831,6770
1.361628431,91064,1704,99410,7400989,00:00,100172,7201407,20210323,7300817,6642
1.358916428,91545,1707,99838,7441209,00:00,94326,7247045,20210324,7346883,6586
1.355178997,92053,1709,100268,7485858,00:00,86983,7298607,20210325,7398875,6506
1.35208143,92612,1716,100757,7529401,00:00,77409,7351235,20210326,7451992,6429
1.350629659,93464,1721,101262,7572566,00:00,75174,7396130,20210327,7497392,6077
1.353520672,93843,1722,101744,7595594,00:00,78605,7415245,20210328,7516989,6179
1.354925246,94110,1726,102126,7616328,00:00,78938,7435264,20210329,7537390,6290
1.352211626,94550,1729,102573,7663997,00:00,78424,7483000,20210330,7585573,6294
1.349820651,95017,1731,103079,7707798,00:00,71302,7533417,20210331,7636496,6331
1.349060526,95426,1735,103630,7747301,00:00,65659,7578012,20210401,7681642,6469
1.350002546,95847,1737,104187,7788293,00:00,70752,7613354,20210402,7717541,6603
1.350603555,96185,1740,104730,7829599,00:00,75288,7649581,20210403,7754311,6805
1.354921538,96578,1744,105273,7849474,00:00,79799,7664402,20210404,7769675,6951
1.35775092,96890,1748,105746,7868818,00:00,80497,7682575,20210405,7788321,7108
1.354516686,97352,1752,106223,7921288,00:00,79155,7735910,20210406,7842133,7119
1.354504067,97920,1756,106891,7966165,00:00,74642,7784632,20210407,7891523,7215
1.356002483,98351,1758,107591,8012419,00:00,77994,7826834,20210408,7934425,7482
1.357143027,98778,1764,108262,8059111,00:00,81912,7868937,20210409,7977199,7720
1.358915373,99291,1765,108939,8106628,00:00,90014,7907675,20210410,8016614,7883
1.363002809,100102,1768,109553,8129530,00:00,91909,7928068,20210411,8037621,7683
1.366919627,100790,1770,110140,8152781,00:00,95248,7947393,20210412,8057533,7580
1.36392993,101318,1775,110682,8200517,00:00,85584,8004251,20210413,8114933,7589
1.363557535,101970,1782,111413,8245386,00:00,74627,8059346,20210414,8170759,7661
1.363730967,102501,1788,112111,8291124,00:00,70221,8108792,20210415,8220903,7822
1.365019181,103049,1790,112784,8333331,00:00,70883,8149664,20210416,8262448,7945
1.365662265,103585,1794,113442,8377778,00:00,71039,8193297,20210417,8306739,8063
1.37091215,103998,1797,114113,8396065,00:00,72191,8209761,20210418,8323874,8318
1.373971918,104466,1801,114645,8414820,00:00,70763,8229412,20210419,8344057,8378
1.372664279,105217,1802,115194,8458591,00:00,66590,8276807,20210420,8392001,8175
1.375085969,105867,1806,115925,8497593,00:00,67211,8314457,20210421,8430382,8252
1.377272408,106449,1808,116660,8537504,00:00,67139,8353705,20210422,8470365,8403
1.374796777,107061,1811,117457,8583529,00:00,39939,8426133,20210423,8543590,8585
1.382195163,107771,1812,118242,8632922,00:00,78269,8436411,20210424,8554653,8659
1.386065198,108465,1813,118886,8654790,00:00,77560,8458344,20210425,8577230,8608
1.389022528,108841,1817,119385,8672977,00:00,78084,8475508,20210426,8594893,8727
1.386878116,109686,1820,119897,8721608,00:00,76508,8525203,20210427,8645100,8391
1.388668632,110239,1821,120666,8766496,00:00,77166,8568664,20210428,8689330,8606
1.390712113,110778,1825,121345,8805778,00:00,80392,8604041,20210429,8725386,8742
1.391844194,111412,1828,122006,8848291,00:00,82511,8643774,20210430,8765780,8766
1.393845883,112328,1831,122633,8883387,00:00,85212,8675542,20210501,8798175,8474
1.398595447,112855,1833,123239,8898233,00:00,86607,8688387,20210502,8811626,8551
1.401798692,113345,1834,123727,8915325,00:00,89022,8702576,20210503,8826303,8548
1.399562882,114115,1840,124268,8957154,00:00,78096,8754790,20210504,8879058,8313
1.401491609,114931,1847,124944,8994068,00:00,78995,8790129,20210505,8915073,8166
1.404957457,115477,1851,125518,9010991,00:00,77055,8808418,20210506,8933936,8190
1.404776863,116008,1860,126043,9051353,00:00,78896,8846414,20210507,8972457,8175
1.406562226,116868,1865,126744,9089165,00:00,78259,8884162,20210508,9010906,8011
1.410694676,117411,1874,127308,9105770,00:00,81280,8897182,20210509,9024490,8023
1.413605557,117832,1875,127771,9122058,00:00,83398,8910889,20210510,9038660,8064
1.412840025,118706,1879,128281,9164283,00:00,84628,8951374,20210511,9079655,7696
1.413966632,119360,1884,128915,9201538,00:00,84279,8988344,20210512,9117259,7671
1.416158717,119892,1891,129630,9241152,00:00,87517,9024005,20210513,9153635,7847
1.419288441,120384,1893,130377,9281290,00:00,95208,9055705,20210514,9186082,8100
1.421472325,121270,1896,131058,9319093,00:00,99216,9088819,20210515,9219877,7892
1.425757584,121743,1900,131668,9336613,00:00,101663,9103282,20210516,9234950,8025
1.429898627,122151,1903,132287,9353299,00:00,101804,9119208,20210517,9251495,8233
1.429410897,122615,1904,132815,9395003,00:00,103413,9158775,20210518,9291590,8296
1.431433582,123224,1912,133469,9428643,00:00,104494,9190680,20210519,9324149,8333
1.436153877,123649,1916,134115,9447357,00:00,108873,9204369,20210520,9338484,8550
1.4368562,124150,1922,134676,9487107,00:00,114144,9238287,20210521,9372963,8604
1.439286846,125024,1926,135342,9520965,00:00,117558,9268065,20210522,9403407,8392
1.443871791,125831,1931,135927,9536298,00:00,122235,9278136,20210523,9414063,8165
1.446605861,126418,1934,136457,9553612,00:00,120704,9296451,20210524,9432908,8105
1.445529521,126983,1938,136973,9592726,00:00,117098,9338655,20210525,9475628,8052
1.447963934,127562,1940,137678,9629455,00:00,121069,9370708,20210526,9508386,8176
1.449298446,128169,1943,138307,9665690,00:00,122659,9404724,20210527,9543031,8195
1.449896399,128750,1946,138894,9702453,00:00,122872,9440687,20210528,9579581,8198
1.450883775,129731,1951,139427,9733588,00:00,123790,9470371,20210529,9609798,7745
1.454165571,130374,1957,139907,9747612,00:00,126493,9481212,20210530,9621119,7576
1.4568051768,130817,1959,140337,9761156,00:00,127953,9492866,20210531,9633203,7561
1.455889634,131457,1963,140796,9798400,00:00,127612,9529992,20210601,9670788,7376
1.457668392,132061,1965,141473,9834348,00:00,128917,9563958,20210602,9705431,7447
1.459112138,132690,1968,142154,9872322,00:00,129822,9600346,20210603,9742500,7496
1.461000475,133278,1969,142849,9911322,00:00,133844,9634629,20210604,9777478,7602
1.463921944,133755,1971,143593,9945952,00:00,137164,9665195,20210605,9808788,7867
1.467429756,134254,1973,144149,9959695,00:00,136465,9679081,20210606,9823230,7922
1.470490004,134852,1974,144634,9972295,00:00,136526,9691135,20210607,9835769,7808
1.470090853,135404,1975,145088,10008582,00:00,139260,9724234,20210608,9869322,7709
1.469633196,136166,1977,145690,10044782,00:00,131424,9767668,20210609,9913358,7547
1.470864122,136705,1979,146300,10076861,00:00,130327,9800234,20210610,9946534,7616
1.471899741,137217,1981,146856,10111063,00:00,133753,9830454,20210611,9977310,7658
1.47151213,138030,1982,147421,10140534,00:00,122200,9870913,20210612,10018334,7409
1.474543917,138572,1985,147873,10152906,00:00,124517,9880516,20210613,10028389,7316
1.476508035,139015,1988,148272,10165496,00:00,123424,9893800,20210614,10042072,7269
1.475706268,139726,1992,148645,10196468,00:00,123664,9924159,20210615,10072804,6927
1.475577311,140431,1993,149190,10229383,00:00,118764,9961429,20210616,10110619,6766
1.477134747,141022,1994,149730,10257835,00:00,121319,9986786,20210617,10136516,6714
1.477516692,141809,1996,150237,10294047,00:00,125837,10017973,20210618,10168210,6432
1.478444312,142379,1997,150719,10323153,00:00,128721,10043713,20210619,10194432,6343
1.481179366,142887,2002,151148,10335633,00:00,131062,10053423,20210620,10204571,6259
1.48278272,143257,2004,151505,10346046,00:00,128433,10066108,20210621,10217613,6244
1.481520134,143811,2006,151899,10380042,00:00,127127,10101016,20210622,10252915,6082
1.483868388,144373,2007,152544,10409948,00:00,129791,10127613,20210623,10280157,6164
1.484365384,144783,2008,153154,10438781,00:00,120971,10164656,20210624,10317810,6363
1.486685106,145385,2009,153788,10466544,00:00,122188,10190568,20210625,10344356,6394
1.487880387,145986,2012,154456,10495515,00:00,114573,10226486,20210626,10380942,6458
1.492162323,146337,2013,155070,10508677,00:00,116376,10237231,20210627,10392301,6720
1.495000281,146672,2015,155571,10520928,00:00,114843,10250514,20210628,10406085,6884
1.496003116,147075,2017,156166,10555740,00:00,116858,10282716,20210629,10438882,7074
1.499862255,147692,2018,156960,10579071,00:00,114110,10308001,20210630,10464961,7250
1.503624138,148024,2021,157721,10614315,00:00,124925,10331669,20210701,10489390,7676
1.508391023,148318,2024,158546,10641601,00:00,130666,10352389,20210702,10510935,8204
1.512237172,149131,2025,159340,10670616,00:00,133909,10377367,20210703,10536707,8184
1.517543135,149613,2026,160083,10685124,00:00,136297,10388744,20210704,10548827,8444
1.521915262,150043,2028,160794,10700133,00:00,134893,10404446,20210705,10565240,8723
1.52482307,150759,2032,161540,10735715,00:00,141699,10432476,20210706,10594016,8749
1.531954059,151500,2033,162751,10766500,00:00,142748,10461001,20210707,10623752,9218
1.539915705,151923,2034,164026,10802780,00:00,151158,10487596,20210708,10651622,10069
1.547603102,152498,2036,165342,10844215,00:00,160468,10518405,20210709,10683747,10808
1.556397131,153153,2038,166720,10881638,00:00,169719,10545199,20210710,10711919,11529
1.566666486,153760,2043,168044,10902276,00:00,176062,10558170,20210711,10726214,12241
1.574131766,154325,2044,169144,10919896,00:00,174671,10576081,20210712,10745225,12775
1.578964888,155065,2046,170294,10964297,00:00,179130,10614873,20210713,10785167,13183
1.587769115,156084,2048,171907,11008857,00:00,181905,10655045,20210714,10826952,13775
1.598253496,156686,2050,173506,11060454,00:00,204479,10682469,20210715,10855975,14770
1.60729781,157533,2051,175041,11108582,00:00,218192,10715349,20210716,10890390,15457
1.615973942,158528,2055,176490,11149223,00:00,227636,10745097,20210717,10921587,15907
1.630927675,159203,2057,177943,11175977,00:00,265438,10732596,20210718,10910539,16683
1.634722225,159920,2058,179194,11202429,00:00,240689,10782546,20210719,10961740,17216
1.639564831,161207,2059,180472,11251982,00:00,244671,10826839,20210720,11007311,17206
1.649873688,162647,2060,182253,11298669,00:00,252187,10864229,20210721,11046482,17546
1.662335814,163780,2063,184094,11343913,00:00,269496,10890323,20210722,11074417,18251
1.671630834,164819,2066,185723,11388299,00:00,278011,10924565,20210723,11110288,18838
1.67939231,165947,2068,187350,11430518,00:00,274697,10968471,20210724,11155821,19335
1.689275533,166039,2073,188837,11453340,00:00,274761,10989742,20210725,11178579,20725
1.699126896,167302,2077,190155,11472339,00:00,281003,11001181,20210726,11191336,20776
1.707057587,169166,2079,191518,11528602,00:00,309414,11027670,20210727,11219188,20273
1.717447696,170230,2083,193413,11585607,00:00,323954,11068240,20210728,11261653,21100
1.727162415,171428,2085,195086,11637500,00:00,342326,11100088,20210729,11295174,21573
1.737598412,172847,2089,196796,11682962,00:00,357215,11128951,20210730,11325747,21860
1.745957213,174341,2095,198334,11728815,00:00,369201,11161280,20210731,11359614,21898
1.756553576,175267,2098,199776,11751780,00:00,378600,11173404,20210801,11373180,22411
1.765361674,176572,2099,200994,11772599,00:00,387170,11184435,20210802,11385429,22323
1.765622622,177790,2104,202194,11820011,00:00,368300,11249517,20210803,11451711,22300
1.77841233,179388,2106,203919,11864240,00:00,397889,11262432,20210804,11466351,22425
1.789742069,180722,2109,205694,11908430,00:00,415489,11287247,20210805,11492941,22863
1.799611891,182457,2113,207398,11951646,00:00,427050,11317198,20210806,11524596,22828
1.811282604,183670,2116,209221,11995923,00:00,444937,11341765,20210807,11550986,23435
1.8246269102,184987,2121,210948,12027437,00:00,466279,11350210,20210808,11561158,23840
1.8329008458,186226,2125,212439,12057824,00:00,467508,11377877,20210809,11590316,24088
1.8373099383,187508,2134,213976,12112079,00:00,465922,11432181,20210810,11646157,24334
1.8528855321,189491,2135,216197,12156192,00:00,488067,11451928,20210811,11668125,24571
1.8653085221,190519,2138,218184,12207035,00:00,510096,11478755,20210812,11696939,25527
1.8788618674,192235,2144,220173,12257959,00:00,539535,11498251,20210813,11718424,25794
1.8907735433,193766,2148,222101,12309273,00:00,562705,11524467,20210814,11746568,26187
1.9041241268,195091,2156,223917,12344711,00:00,585131,11535663,20210815,11759580,26670
1.9144144144,196186,2167,225471,12372769,00:00,595225,11552073,20210816,11777544,27118
1.8771729143,197211,2173,226843,12404969,00:00,320680,11857446,20210817,12084289,27459
1.9332627544,199564,2178,228646,12461676,00:00,634727,11598303,20210818,11826949,26904
1.9450436142,201213,2191,230798,12518695,00:00,652740,11635157,20210819,11865955,27394
1.9562292672,202754,2197,232938,12567090,00:00,659590,11674562,20210820,11907500,27987
1.9618302101,204498,2202,234725,12632591,00:00,667998,11729868,20210821,11964593,28025
1.9719111271,206257,2215,236351,12664332,00:00,678447,11749534,20210822,11985885,27879
1.9806118815,207584,2222,237768,12694018,00:00,689243,11767007,20210823,12004775,27962
1.9837816985,209174,2228,239275,12749751,00:00,688192,11822284,20210824,12061559,27873
1.9937943791,211154,2237,241429,12806608,00:00,697586,11867593,20210825,12109022,28038
2.0015386389,212860,2257,243311,12866797,00:00,710599,11912887,20210826,12156198,28194
2.0078775950,214659,2265,245148,12927789,00:00,718479,11964162,20210827,12209310,28224
2.0174245601,216974,2276,246939,12983486,00:00,743177,11993370,20210828,12240309,27689
2.0284939755,218713,2279,248558,13015921,00:00,762594,12004769,20210829,12253327,27566
2.0357048445,220346,2284,250043,13049678,00:00,766807,12032828,20210830,12282871,27413
2.0368097463,221688,2285,251413,13094711,00:00,751241,12092057,20210831,12343470,27440
2.0486112823,224305,2292,253437,13152140,00:00,780979,12117724,20210901,12371161,26840
2.0590600836,226206,2303,255397,13223511,00:00,819939,12148175,20210902,12403572,26888
2.0631981163,228603,2308,257105,13286677,00:00,825198,12204374,20210903,12461479,26194
2.0712936609,230390,2315,258908,13350356,00:00,850535,12240913,20210904,12499821,26203
2.0818451237,232317,2321,260398,13382733,00:00,874694,12247641,20210905,12508039,25760
2.0899330761,233678,2327,261773,13416743,00:00,891318,12263652,20210906,12525425,25768
2.0933234213,235209,2330,263370,13468412,00:00,886983,12318059,20210907,12581429,25831
2.1029508357,237270,2334,265417,13519664,00:00,898494,12355753,20210908,12621170,25813
2.1108607132,238901,2343,267466,13568869,00:00,897924,12403479,20210909,12670945,26222
2.1165404367,240716,2348,269359,13615055,00:00,888674,12457022,20210910,12726381,26295
2.1238438972,242944,2358,271223,13665460,00:00,895077,12499160,20210911,12770383,25921
2.1336817950,244445,2359,272978,13704173,00:00,910419,12520776,20210912,12793754,26174
2.1421622059,245491,2360,274411,13735740,00:00,925739,12535590,20210913,12810001,26560
2.1429205506,247647,2367,275919,13790239,00:00,914400,12599920,20210914,12875839,25905
2.1507521063,249820,2380,277984,13839087,00:00,914120,12646983,20210915,12924967,25784
2.1581912906,252028,2386,279926,13890499,00:00,920101,12690472,20210916,12970398,25512
2.1657706317,254078,2389,281934,13938955,00:00,921233,12735788,20210917,13017722,25467
2.1732822659,256012,2394,284021,13986615,00:00,917857,12784737,20210918,13068758,25615
2.1846289164,257447,2403,285930,14020498,00:00,932234,12802334,20210919,13088264,26080
2.1953447092,259008,2409,287534,14050974,00:00,953532,12809908,20210920,13097442,26117
2.2055202395,260088,2413,289263,14081284,00:00,965875,12826146,20210921,13115409,26762
2.2187986844,261810,2419,290983,14112435,00:00,997996,12823456,20210922,13114439,26754
2.2315508683,262840,2427,292698,14151069,00:00,1034720,12823651,20210923,13116349,27431
2.2373051937,264490,2434,295127,14221682,00:00,1030500,12896055,20210924,13191182,28203
2.2556083498,266411,2441,298397,14285337,00:00,1056223,12930717,20210925,13229114,29545
2.2765394695,268140,2450,301165,14325932,00:00,1096862,12927905,20210926,13229070,30575
2.2916366729,269132,2456,303546,14365928,00:00,1120111,12942271,20210927,13245817,31958
2.3012044013,270928,2464,305834,14425565,00:00,1135394,12984337,20210928,13290171,32442
2.3128818186,272724,2474,308715,14485251,00:00,1137617,13038919,20210929,13347634,33517
2.3238937994,274205,2481,311276,14544246,00:00,1149658,13083312,20210930,13394588,34590
0,0,5625,635243,19364122,00:00,0,0,20220101,0,0
0,0,5694,639074,19456900,00:00,0,0,20220102,0,0
0,0,5730,642199,19546883,00:00,0,0,20220103,0,0
0,0,5781,645220,19671880,00:00,0,0,20220104,0,0
0,0,5838,649661,19778824,00:00,0,0,20220105,0,0
0,0,5887,653783,19875047,00:00,0,0,20220106,0,0
0,0,5932,657496,19971712,00:00,0,0,20220107,0,0
0,0,5986,661003,20046220,00:00,0,0,20220108,0,0
0,0,6037,664374,20099870,00:00,0,0,20220109,0,0
0,0,6071,667379,20148476,00:00,0,0,20220110,0,0
0,0,6114,670471,20215297,00:00,0,0,20220111,0,0
0,0,6166,674854,20277357,00:00,0,0,20220112,0,0
0,0,6210,679018,20329715,00:00,0,0,20220113,0,0
0,0,6259,683556,20389154,00:00,0,0,20220114,0,0
0,0,6281,687975,20446099,00:00,0,0,20220115,0,0
0,0,6310,692164,20489023,00:00,0,0,20220116,0,0
0,0,6333,696018,20527722,00:00,0,0,20220117,0,0
0,0,6378,700080,20588481,00:00,0,0,20220118,0,0
0,0,6452,705883,20649522,00:00,0,0,20220119,0,0
0,0,6480,712483,20709568,00:00,0,0,20220120,0,0
0,0,6501,719249,20765930,00:00,0,0,20220121,0,0
0,0,6529,726253,20838500,00:00,0,0,20220122,0,0
0,0,6540,733879,20892539,00:00,0,0,20220123,0,0
0,0,6565,741390,20943638,00:00,0,0,20220124,0,0
0,0,6588,749960,21026346,00:00,0,0,20220125,0,0
0,0,6620,762969,21110639,00:00,0,0,20220126,0,0
0,0,6654,777483,21196354,00:00,0,0,20220127,0,0
0,0,6678,793576,21269304,00:00,0,0,20220128,0,0
0,0,6712,811089,21377393,00:00,0,0,20220129,0,0
0,0,6732,828611,21448119,00:00,0,0,20220130,0,0
0,0,6755,845688,21518073,00:00,0,0,20220131,0,0
0,0,6772,864026,21595841,00:00,0,0,20220201,0,0
0,0,6787,884294,21654236,00:00,0,0,20220202,0,0
0,0,6812,907200,21733998,00:00,0,0,20220203,0,0
0,0,6836,934638,21828007,00:00,0,0,20220204,0,0
0,0,6858,970983,21938020,00:00,0,0,20220205,0,0
0,0,6873,1009672,22006879,00:00,0,0,20220206,0,0
0,0,6886,1044955,22072870,00:00,0,0,20220207,0,0
0,0,6922,1081672,22072870,00:00,0,0,20220208,0,0
0,0,6943,1131239,22072870,00:00,0,0,20220209,0,0
0,0,6963,1185361,22072870,00:00,0,0,20220210,0,0
0,0,7012,1239264,22072870,00:00,0,0,20220211,0,0
0,0,7045,1294199,22072870,00:00,0,0,20220212,0,0
0,0,7081,1350627,22072870,00:00,0,0,20220213,0,0
0,0,7102,1405244,22072870,00:00,0,0,20220214,0,0
0,0,7163,1462408,22072870,00:00,0,0,20220215,0,0
0,0,7202,1552843,22072870,00:00,0,0,20220216,0,0
0,0,7238,1645975,22072870,00:00,0,0,20220217,0,0
0,0,7283,1755798,22072870,00:00,0,0,20220218,0,0
0,0,7354,1858008,22072870,00:00,0,0,20220219,0,0
0,0,7405,1962822,22072870,00:00,0,0,20220220,0,0
0,0,7450,2058161,22072870,00:00,0,0,20220221,0,0
0,0,7508,2157730,22072870,00:00,0,0,20220222,0,0
0,0,7607,2329172,22072870,00:00,0,0,20220223,0,0
0,0,7689,2499187,22072870,00:00,0,0,20220224,0,0
0,0,7783,2665074,22072870,00:00,0,0,20220225,0,0
0,0,7895,2831256,22072870,00:00,0,0,20220226,0,0
0,0,7944,2994817,22072870,00:00,0,0,20220227,0,0
0,0,8058,3134441,22072870,00:00,0,0,20220228,0,0
0,0,8170,3273431,22072870,00:00,0,0,20220301,0,0
0,0,8266,3492659,22072870,00:00,0,0,20220302,0,0
0,0,8394,3691459,22072870,00:00,0,0,20220303,0,0
0,0,8579,3958309,22072870,00:00,0,0,20220304,0,0
0,0,8795,4212636,22072870,00:00,0,0,20220305,0,0
0,0,8956,4456261,22072870,00:00,0,0,20220306,0,0
0,0,9095,4666970,22072870,00:00,0,0,20220307,0,0
0,0,9281,4869672,22072870,00:00,0,0,20220308,0,0
0,0,9439,5212101,22072870,00:00,0,0,20220309,0,0
0,0,9645,5539639,22072870,00:00,0,0,20220310,0,0
0,0,9874,5822612,22072870,00:00,0,0,20220311,0,0
0,0,10143,6206229,22072870,00:00,0,0,20220312,0,0
0,0,10394,6556411,22072870,00:00,0,0,20220313,0,0
0,0,10594,6866190,22072870,00:00,0,0,20220314,0,0
0,0,10887,7228473,22072870,00:00,0,0,20220315,0,0
0,0,11051,7629066,22072870,00:00,0,0,20220316,0,0
0,0,11480,8250270,22072870,00:00,0,0,20220317,0,0
0,0,11781,8657109,22072870,00:00,0,0,20220318,0,0
0,0,12100,9038522,22072870,00:00,0,0,20220319,0,0
0,0,12427,9373175,22072870,00:00,0,0,20220320,0,0
0,0,12756,9582314,22072870,00:00,0,0,20220321,0,0
0,0,13140,9936142,22072870,00:00,0,0,20220322,0,0
0,0,13431,10426913,22072870,00:00,0,0,20220323,0,0
0,0,13900,10822439,22072870,00:00,0,0,20220324,0,0
0,0,14293,11161890,22072870,00:00,0,0,20220325,0,0
0,0,14616,11497431,22072870,00:00,0,0,20220326,0,0
0,0,14898,11815506,22072870,00:00,0,0,20220327,0,0
0,0,15185,12002688,22072870,00:00,0,0,20220328,0,0
0,0,15422,12350188,22072870,00:00,0,0,20220329,0,0
0,0,15854,12774654,22072870,00:00,0,0,20220330,0,0
0,0,16229,13095337,22072870,00:00,0,0,20220331,0,0
0,0,16589,13375568,22072870,00:00,0,0,20220401,0,0
0,0,16928,13639688,22072870,00:00,0,0,20220402,0,0
0,0,17234,13873953,22072870,00:00,0,0,20220403,0,0
0,0,17452,14001116,22072870,00:00,0,0,20220404,0,0
0,0,17661,14267201,22072870,00:00,0,0,20220405,0,0
0,0,18032,14553448,22072870,00:00,0,0,20220406,0,0
0,0,18380,14778232,22072870,00:00,0,0,20220407,0,0
0,0,18753,14983531,22072870,00:00,0,0,20220408,0,0
0,0,19091,15169056,22072870,00:00,0,0,20220409,0,0
0,0,19420,15333512,22072870,00:00,0,0,20220410,0,0
0,0,19678,15424429,22072870,00:00,0,0,20220411,0,0
0,0,19849,15635144,22072870,00:00,0,0,20220412,0,0
0,0,20033,15830526,22072870,00:00,0,0,20220413,0,0
0,0,20351,15978935,22072870,00:00,0,0,20220414,0,0
0,0,20615,16104735,22072870,00:00,0,0,20220415,0,0
0,0,20888,16212617,22072780,00:00,0,0,20220416,0,0
0,0,21091,16305595,22072870,00:00,0,0,20220417,0,0
0,0,21223,16353325,22072870,00:00,0,0,20220418,0,0
0,0,21353,16471787,22072870,00:00,0,0,20220419,0,0
0,0,21519,16583076,22072870,00:00,0,0,20220420,0,0
0,0,21666,16673919,22072870,00:00,0,0,20220421,0,0
0,0,21872,16754952,22072870,00:00,0,0,20220422,0,0
0,0,22023,16830375,22072870,00:00,0,0,20220423,0,0
0,0,22132,16895079,22072870,00:00,0,0,20220424,0,0
0,0,22242,16929440,22072870,00:00,0,0,20220425,0,0
0,0,22324,17009707,22072870,00:00,0,0,20220426,0,0
0,0,22465,17086471,22072870,00:00,0,0,20220427,0,0
0,0,22587,17143917,22072870,00:00,0,0,20220428,0,0
0,0,22723,17194473,22072870,00:00,0,0,20220429,0,0
0,0,22793,17237717,22072870,00:00,0,0,20220430,0,0
0,0,22874,17275477,22072870,00:00,0,0,20220501,0,0
0,0,22957,17295553,22072870,00:00,0,0,20220502,0,0
0,0,23006,17346659,22072870,00:00,0,0,20220503,0,0
0,0,23078,17395705,22072870,00:00,0,0,20220504,0,0
0,0,23157,17437984,22072870,00:00,0,0,20220505,0,0
0,0,23205,17464662,22072870,00:00,0,0,20220506,0,0
0,0,23288,17504225,22072870,00:00,0,0,20220507,0,0
0,0,23359,17544273,22072870,00:00,0,0,20220508,0,0
0,0,23399,17564861,22072870,00:00,0,0,20220509,0,0
0,0,23461,17614757,22072870,00:00,0,0,20220510,0,0
0,0,23490,17658638,22072870,00:00,0,0,20220511,0,0
0,0,23553,17694520,22072870,00:00,0,0,20220512,0,0
0,0,23605,17726955,22072870,00:00,0,0,20220513,0,0
0,0,23660,17756527,22072870,00:00,0,0,20220514,0,0
0,0,23708,17781952,22072870,00:00,0,0,20220515,0,0
0,0,23743,17795242,22072870,00:00,0,0,20220516,0,0
0,0,23770,17830327,22072870,00:00,0,0,20220517,0,0
0,0,23801,17861660,22072870,00:00,0,0,20220518,0,0
0,0,23841,17889769,22072870,00:00,0,0,20220519,0,0
0,0,23884,17914882,22072870,00:00,0,0,20220520,0,0
0,0,23910,17938332,22072870,00:00,0,0,20220521,0,0
0,0,23964,17957621,22072870,00:00,0,0,20220522,0,0
0,0,23986,17967592,22072870,00:00,0,0,20220523,0,0
0,0,24005,17993923,22072870,00:00,0,0,20220524,0,0
0,0,24028,18017859,22072870,00:00,0,0,20220525,0,0
0,0,24062,18036664,22072870,00:00,0,0,20220526,0,0
0,0,24102,18053236,22072870,00:00,0,0,20220527,0,0
0,0,24138,18067610,22072870,00:00,0,0,20220528,0,0
0,0,24157,18080257,22072870,00:00,0,0,20220529,0,0
0,0,24166,18086392,22072870,00:00,0,0,20220530,0,0
0,0,24175,18103577,22072870,00:00,0,0,20220531,0,0
0,0,24196,18119345,22072870,00:00,0,0,20220601,0,0
0,0,24211,18129224,22072870,00:00,0,0,20220602,0,0
0,0,24228,18141754,22072870,00:00,0,0,20220603,0,0
0,0,24237,18153783,22072870,00:00,0,0,20220604,0,0
0,0,24257,18163615,22072870,00:00,0,0,20220605,0,0
0,0,24278,18168637,22072870,00:00,0,0,20220606,0,0
0,0,24298,18174804,22072870,00:00,0,0,20220607,0,0
0,0,24304,18188153,22072870,00:00,0,0,20220608,0,0
0,0,24322,18200302,22072870,00:00,0,0,20220609,0,0
0,0,24340,18209608,22072870,00:00,0,0,20220610,0,0
0,0,24350,18218046,22072870,00:00,0,0,20220611,0,0
0,0,24370,18225423,22072870,00:00,0,0,20220612,0,0
0,0,24387,18229246,22072870,00:00,0,0,20220613,0,0
0,0,24389,18239008,22072870,00:00,0,0,20220614,0,0
0,0,24398,18248422,22072870,00:00,0,0,20220615,0,0
0,0,24406,18256364,22072870,00:00,0,0,20220616,0,0
0,0,24415,18263556,22072870,00:00,0,0,20220617,0,0
0,0,24426,18270377,22072870,00:00,0,0,20220618,0,0
0,0,24440,18276443,22072870,00:00,0,0,20220619,0,0
0,0,24450,18279976,22072870,00:00,0,0,20220620,0,0
0,0,24462,18289265,22072870,00:00,0,0,20220621,0,0
0,0,24473,18298231,22072870,00:00,0,0,20220622,0,0
0,0,24487,18305719,22072870,00:00,0,0,20220623,0,0
0,0,24497,18312935,22072870,00:00,0,0,20220624,0,0
0,0,24515,18319708,22072870,00:00,0,0,20220625,0,0
0,0,24521,18325946,22072870,00:00,0,0,20220626,0,0
0,0,24524,18329369,22072870,00:00,0,0,20220627,0,0
0,0,24529,18339262,22072870,00:00,0,0,20220628,0,0
0,0,24536,18349716,22072870,00:00,0,0,20220629,0,0
0,0,24546,18359307,22072870,00:00,0,0,20220630,0,0
0,0,24554,18368824,22072870,00:00,0,0,20220701,0,0
0,0,24561,18379525,22072870,00:00,0,0,20220702,0,0
0,0,24569,18389573,22072870,00:00,0,0,20220703,0,0
0,0,24573,18395822,22072870,00:00,0,0,20220704,0,0
0,0,24575,18413942,22072870,00:00,0,0,20220705,0,0
0,0,24582,18433301,22072870,00:00,0,0,20220706,0,0
0,0,24592,18451799,22072870,00:00,0,0,20220707,0,0
0,0,24604,18471097,22072870,00:00,0,0,20220708,0,0
0,0,24623,18491357,22072870,00:00,0,0,20220709,0,0
0,0,24642,18511754,22072870,00:00,0,0,20220710,0,0
0,0,24660,18524435,22072870,00:00,0,0,20220711,0,0
0,0,24667,18561766,22072870,00:00,0,0,20220712,0,0
0,0,24679,18602014,22072870,00:00,0,0,20220713,0,0
0,0,24695,18641158,22072870,00:00,0,0,20220714,0,0
0,0,24711,18680000,22072870,00:00,0,0,20220715,0,0
0,0,24727,18721303,22072870,00:00,0,0,20220716,0,0
0,0,24741,18761129,22072870,00:00,0,0,20220717,0,0
0,0,24752,18787908,22072870,00:00,0,0,20220718,0,0
0,0,24764,18861450,22072870,00:00,0,0,20220719,0,0
0,0,24776,18937795,22072870,00:00,0,0,20220720,0,0
0,0,24793,19008926,22072870,00:00,0,0,20220721,0,0
0,0,24824,19077520,22072870,00:00,0,0,20220722,0,0
0,0,24854,19146028,22072870,00:00,0,0,20220723,0,0
0,0,24872,19211401,22072870,00:00,0,0,20220724,0,0
0,0,24889,19247261,22072870,00:00,0,0,20220725,0,0
0,0,24906,19346477,22072870,00:00,0,0,20220726,0,0
0,0,24931,19446717,22072870,00:00,0,0,20220727,0,0
0,0,24956,19535065,22072870,00:00,0,0,20220728,0,0
0,0,24991,19620354,22072870,00:00,0,0,20220729,0,0
0,0,25026,19702325,22072870,00:00,0,0,20220730,0,0
0,0,25046,19775884,22072870,00:00,0,0,20220731,0,0
0,0,25067,19820538,22072870,00:00,0,0,20220801,0,0
0,0,25083,19932291,22072870,00:00,0,0,20220802,0,0
0,0,25109,20052173,22072870,00:00,0,0,20220803,0,0
0,0,25143,20160027,22072870,00:00,0,0,20220804,0,0
0,0,25190,20272882,22072870,00:00,0,0,20220805,0,0
0,0,25235,20383501,22072870,00:00,0,0,20220806,0,0
0,0,25262,20488969,22072870,00:00,0,0,20220807,0,0
0,0,25291,20544231,22072870,00:00,0,0,20220808,0,0
0,0,25331,20694097,22072870,00:00,0,0,20220809,0,0
0,0,25381,20845787,22072870,00:00,0,0,20220810,0,0
0,0,25440,20982950,22072870,00:00,0,0,20220811,0,0
0,0,25498,21111590,22072870,00:00,0,0,20220812,0,0
0,0,25565,21236135,22072870,00:00,0,0,20220813,0,0
0,0,25622,21355681,22072870,00:00,0,0,20220814,0,0
0,0,25672,21417737,22072870,00:00,0,0,20220815,0,0
0,0,25709,21501742,22072870,00:00,0,0,20220816,0,0
0,0,25751,21682395,22072870,00:00,0,0,20220817,0,0
0,0,25812,21860883,22072870,00:00,0,0,20220818,0,0
0,0,25895,21999631,22072870,00:00,0,0,20220819,0,0
0,0,25979,22128971,22072870,00:00,0,0,20220820,0,0
0,0,26043,22239879,22072870,00:00,0,0,20220821,0,0
0,0,26108,22298898,22072870,00:00,0,0,20220822,0,0
0,0,26160,22449064,22072870,00:00,0,0,20220823,0,0
0,0,26223,22588367,22072870,00:00,0,0,20220824,0,0
0,0,26331,22701686,22072870,00:00,0,0,20220825,0,0
0,0,26412,22802779,22072870,00:00,0,0,20220826,0,0
0,0,26498,22898265,22072870,00:00,0,0,20220827,0,0
0,0,26568,22983498,22072870,00:00,0,0,20220828,0,0
0,0,26617,23026612,22072870,00:00,0,0,20220829,0,0
0,0,26688,23142227,22072870,00:00,0,0,20220830,0,0
0,0,26763,23246075,22072870,00:00,0,0,20220831,0,0
0,0,26875,23327609,22072870,00:00,0,0,20220901,0,0
0,0,26939,23417164,22072870,00:00,0,0,20220902,0,0
0,0,27013,23496885,22072870,00:00,0,0,20220903,0,0
0,0,27092,23569012,22072870,00:00,0,0,20220904,0,0
0,0,27148,23606542,22072870,00:00,0,0,20220905,0,0
0,0,27192,23706364,22072870,00:00,0,0,20220906,0,0
0,0,27248,23791862,22072870,00:00,0,0,20220907,0,0
0,0,27312,23864479,22072870,00:00,0,0,20220908,0,0
0,0,27380,23933868,22072870,00:00,0,0,20220909,0,0
0,0,27428,23976548,22072870,00:00,0,0,20220910,0,0
0,0,27475,24004748,22072870,00:00,0,0,20220911,0,0
0,0,27497,24041671,22072870,00:00,0,0,20220912,0,0
0,0,27532,24098929,22072870,00:00,0,0,20220913,0,0
0,0,27592,24192858,22072870,00:00,0,0,20220914,0,0
0,0,27664,24264302,22072870,00:00,0,0,20220915,0,0
0,0,27724,24316150,22072870,00:00,0,0,20220916,0,0
0,0,27781,24359572,22072870,00:00,0,0,20220917,0,0
0,0,27827,24394315,22072870,00:00,0,0,20220918,0,0
0,0,27866,24413704,22072870,00:00,0,0,20220919,0,0
0,0,27890,24461567,22072870,00:00,0,0,20220920,0,0
0,0,27949,24502823,22072870,00:00,0,0,20220921,0,0
0,0,28008,24535813,22072870,00:00,0,0,20220922,0,0
0,0,28076,24564896,22072870,00:00,0,0,20220923,0,0
0,0,28139,24594218,22072870,00:00,0,0,20220924,0,0
0,0,28212,24619990,22072870,00:00,0,0,20220925,0,0
0,0,28245,24634144,22072780,00:00,0,0,20220926,0,0
0,0,28271,24673554,22072870,00:00,0,0,20220927,0,0
0,0,28317,24709682,22072870,00:00,0,0,20220928,0,0
0,0,28363,24740521,22072870,00:00,0,0,20220929,0,0
0,0,28405,24768984,22072870,00:00,0,0,20220930,0,0
0,0,32219,29116662,22072870,00:00,0,0,20230101,0,0
0,0,32272,29139386,22072870,00:00,0,0,20230102,0,0
0,0,32301,29220425,22072870,00:00,0,0,20230103,0,0
0,0,32355,29298979,22072870,00:00,0,0,20230104,0,0
0,0,32421,29363073,22072870,00:00,0,0,20230105,0,0
0,0,32496,29420027,22072870,00:00,0,0,20230106,0,0
0,0,32556,29473758,22072870,00:00,0,0,20230107,0,0
0,0,32590,29520501,22072870,00:00,0,0,20230108,0,0
0,0,32625,29539590,22072870,00:00,0,0,20230109,0,0
0,0,32669,29599614,22072870,00:00,0,0,20230110,0,0
0,0,32745,29653947,22072870,00:00,0,0,20230111,0,0
0,0,32816,29697896,22072870,00:00,0,0,20230112,0,0
0,0,32867,29737622,22072870,00:00,0,0,20230113,0,0
0,0,32912,29774267,22072870,00:00,0,0,20230114,0,0
0,0,32949,29806827,22072870,00:00,0,0,20230115,0,0
0,0,32984,29820957,22072870,00:00,0,0,20230116,0,0
0,0,33014,29861141,22072870,00:00,0,0,20230117,0,0
0,0,33057,29898037,22072870,00:00,0,0,20230118,0,0
0,0,33104,29927843,22072870,00:00,0,0,20230119,0,0
0,0,33134,29955251,22072870,00:00,0,0,20230120,0,0
0,0,33185,29982710,22072870,00:00,0,0,20230121,0,0
0,0,33209,29999327,22072870,00:00,0,0,20230122,0,0
0,0,33235,30008544,22072870,00:00,0,0,20230123,0,0
0,0,33245,30020794,22072870,00:00,0,0,20230124,0,0
0,0,33270,30040321,22072870,00:00,0,0,20230125,0,0
0,0,33296,30075407,22072870,00:00,0,0,20230126,0,0
0,0,33332,30107118,22072870,00:00,0,0,20230127,0,0
0,0,33361,30130645,22072870,00:00,0,0,20230128,0,0
0,0,33390,30149509,22072870,00:00,0,0,20230129,0,0
0,0,33420,30156921,22072870,00:00,0,0,20230130,0,0
0,0,33444,30176538,22072870,00:00,0,0,20230131,0,0
0,0,33486,30196952,22072870,00:00,0,0,20230201,0,0
0,0,33522,30213808,22072870,00:00,0,0,20230202,0,0
0,0,33552,30228769,22072870,00:00,0,0,20230203,0,0
0,0,33574,30243280,22072870,00:00,0,0,20230204,0,0
0,0,33596,30257291,22072870,00:00,0,0,20230205,0,0
0,0,33614,30263138,22072870,00:00,0,0,20230206,0,0
0,0,33624,30279250,22072870,00:00,0,0,20230207,0,0
0,0,33646,30297177,22072870,00:00,0,0,20230208,0,0
0,0,33680,30311839,22072870,00:00,0,0,20230209,0,0
0,0,33697,30325343,22072870,00:00,0,0,20230210,0,0
0,0,33713,30338101,22072870,00:00,0,0,20230211,0,0
0,0,33736,30350143,22072870,00:00,0,0,20230212,0,0
0,0,33747,30355311,22072870,00:00,0,0,20230213,0,0
0,0,33758,30369679,22072870,00:00,0,0,20230214,0,0
0,0,33782,30384628,22072870,00:00,0,0,20230215,0,0
0,0,33804,30397143,22072870,00:00,0,0,20230216,0,0
0,0,33832,30408579,22072870,00:00,0,0,20230217,0,0
0,0,33844,30419178,22072870,00:00,0,0,20230218,0,0
0,0,33856,30429448,22072870,00:00,0,0,20230219,0,0
0,0,33865,30433770,22072870,00:00,0,0,20230220,0,0
0,0,33873,30445641,22072870,00:00,0,0,20230221,0,0
0,0,33887,30458717,22072870,00:00,0,0,20230222,0,0
0,0,33909,30469560,22072870,00:00,0,0,20230223,0,0
0,0,33929,30479611,22072870,00:00,0,0,20230224,0,0
0,0,33940,30489563,22072870,00:00,0,0,20230225,0,0
0,0,33946,30498770,22072870,00:00,0,0,20230226,0,0
0,0,33961,30502794,22072870,00:00,0,0,20230227,0,0
0,0,33977,30513605,22072870,00:00,0,0,20230228,0,0
0,0,33988,30525893,22072870,00:00,0,0,20230301,0,0
0,0,34003,30533448,22072870,00:00,0,0,20230302,0,0
0,0,34014,30543856,22072870,00:00,0,0,20230303,0,0
0,0,34020,30554985,22072870,00:00,0,0,20230304,0,0
0,0,34025,30564793,22072870,00:00,0,0,20230305,0,0
0,0,34034,30569088,22072870,00:00,0,0,20230306,0,0
0,0,34049,30581369,22072870,00:00,0,0,20230307,0,0
0,0,34061,30594160,22072870,00:00,0,0,20230308,0,0
0,0,34081,30605045,22072870,00:00,0,0,20230309,0,0
0,0,34093,30615380,22072870,00:00,0,0,20230310,0,0
0,0,34096,30625140,22072870,00:00,0,0,20230311,0,0
0,0,34103,30634473,22072870,00:00,0,0,20230312,0,0
0,0,34115,30638670,22072870,00:00,0,0,20230313,0,0
0,0,34121,30650069,22072870,00:00,0,0,20230314,0,0
0,0,34131,30661967,22072870,00:00,0,0,20230315,0,0
0,0,34148,30671899,22072870,00:00,0,0,20230316,0,0
0,0,34155,30680964,22072870,00:00,0,0,20230317,0,0
0,0,34159,30690223,22072870,00:00,0,0,20230318,0,0
0,0,34162,30699030,22072870,00:00,0,0,20230319,0,0
0,0,34171,30702960,22072870,00:00,0,0,20230320,0,0
0,0,34178,30714976,22072870,00:00,0,0,20230321,0,0
0,0,34187,30728057,22072870,00:00,0,0,20230322,0,0
0,0,34201,30739457,22072870,00:00,0,0,20230323,0,0
0,0,34211,30749447,22072870,00:00,0,0,20230324,0,0
0,0,34217,30759895,22072870,00:00,0,0,20230325,0,0
0,0,34220,30769256,22072870,00:00,0,0,20230326,0,0
0,0,34223,30773460,22072870,00:00,0,0,20230327,0,0
0,0,34231,30785589,22072870,00:00,0,0,20230328,0,0
0,0,34245,30798723,22072870,00:00,0,0,20230329,0,0
0,0,34255,30809762,22072870,00:00,0,0,20230330,0,0
0,0,34265,30820130,22072870,00:00,0,0,20230331,0,0
0,0,34270,30829827,22072870,00:00,0,0,20230401,0,0
0,0,34274,30839551,22072870,00:00,0,0,20230402,0,0
0,0,34281,30843900,22072870,00:00,0,0,20230403,0,0
0,0,34289,30857275,22072870,00:00,0,0,20230404,0,0
0,0,34296,30871740,22072870,00:00,0,0,20230405,0,0
0,0,34309,30883824,22072870,00:00,0,0,20230406,0,0
0,0,34318,30894559,22072870,00:00,0,0,20230407,0,0
0,0,34322,30904502,22072870,00:00,0,0,20230408,0,0
0,0,34324,30914055,22072870,00:00,0,0,20230409,0,0
0,0,34332,30918060,22072870,00:00,0,0,20230410,0,0
0,0,34342,30930504,22072870,00:00,0,0,20230411,0,0
0,0,34356,30944430,22072870,00:00,0,0,20230412,0,0
0,0,34361,30956026,22072870,00:00,0,0,20230413,0,0
0,0,34366,30967692,22072870,00:00,0,0,20230414,0,0
0,0,34368,30978954,22072870,00:00,0,0,20230415,0,0
0,0,34372,30989142,22072870,00:00,0,0,20230416,0,0
0,0,34376,30994088,22072870,00:00,0,0,20230417,0,0
0,0,34386,31009261,22072870,00:00,0,0,20230418,0,0
0,0,34392,31025769,22072870,00:00,0,0,20230419,0,0
0,0,34401,31039863,22072870,00:00,0,0,20230420,0,0
0,0,34408,31053459,22072870,00:00,0,0,20230421,0,0
0,0,34413,31066725,22072870,00:00,0,0,20230422,0,0
0,0,34419,31078559,22072870,00:00,0,0,20230423,0,0
0,0,34427,31083586,22072870,00:00,0,0,20230424,0,0
0,0,34434,31098403,22072870,00:00,0,0,20230425,0,0
0,0,34449,31114786,22072870,00:00,0,0,20230426,0,0
0,0,34460,31129070,22072870,00:00,0,0,20230427,0,0
0,0,34471,31142861,22072870,00:00,0,0,20230428,0,0
0,0,34474,31157272,22072870,00:00,0,0,20230429,0,0
0,0,34479,31170886,22072870,00:00,0,0,20230430,0,0
0,0,34487,31176660,22072870,00:00,0,0,20230501,0,0
0,0,34497,31192401,22072870,00:00,0,0,20230502,0,0
0,0,34505,31212598,22072870,00:00,0,0,20230503,0,0
0,0,34512,31232744,22072870,00:00,0,0,20230504,0,0
0,0,34518,31251203,22072870,00:00,0,0,20230505,0,0
0,0,34804,31728115,22072870,00:00,0,0,20230601,0,0
0,0,34815,31747839,22072870,00:00,0,0,20230602,0,0
0,0,34815,31766502,22072870,00:00,0,0,20230603,0,0
0,0,34824,31782676,22072870,00:00,0,0,20230604,0,0
0,0,34827,31789625,22072870,00:00,0,0,20230605,0,0
0,0,34831,31809086,22072870,00:00,0,0,20230606,0,0
0,0,0,31824304,22072870,00:00,0,0,20230607,0,0
0,0,34856,31844692,22072870,00:00,0,0,20230608,0,0
0,0,34876,31865907,22072870,00:00,0,0,20230609,0,0
0,0,34881,31883679,22072870,00:00,0,0,20230610,0,0
0,0,34889,31899685,22072870,00:00,0,0,20230611,0,0
0,0,34893,31904667,22072870,00:00,0,0,20230612,0,0
0,0,34907,31925396,22072870,00:00,0,0,20230613,0,0
0,0,34921,31946111,22072870,00:00,0,0,20230614,0,0
0,0,34937,31963539,22072870,00:00,0,0,20230615,0,0
0,0,34949,31980032,22072870,00:00,0,0,20230616,0,0
0,0,34953,31996784,22072870,00:00,0,0,20230617,0,0
0,0,34956,32012107,22072870,00:00,0,0,20230618,0,0
0,0,34960,32018486,22072870,00:00,0,0,20230619,0,0
0,0,34964,32038176,22072870,00:00,0,0,20230620,0,0
0,0,34978,32059137,22072870,00:00,0,0,20230621,0,0
0,0,34992,32076269,22072870,00:00,0,0,20230622,0,0
0,0,35002,32092521,22072870,00:00,0,0,20230623,0,0
0,0,35008,32108935,22072870,00:00,0,0,20230624,0,0
0,0,35013,32125005,22072870,00:00,0,0,20230625,0,0
0,0,35017,32131606,22072870,00:00,0,0,20230626,0,0
0,0,35027,32152429,22072870,00:00,0,0,20230627,0,0
0,0,35040,32173963,22072870,00:00,0,0,20230628,0,0
0,0,35052,32193262,22072870,00:00,0,0,20230629,0,0
0,0,35063,32212141,22072870,00:00,0,0,20230630,0,0
0,0,35066,32231027,22072870,00:00,0,0,20230701,0,0
0,0,35068,32248632,22072870,00:00,0,0,20230702,0,0
0,0,35071,32256154,22072870,00:00,0,0,20230703,0,0
0,0,35074,32281780,22072870,00:00,0,0,20230704,0,0
0,0,35085,32309215,22072870,00:00,0,0,20230705,0,0
0,0,35097,32333574,22072870,00:00,0,0,20230706,0,0
0,0,35104,32358345,22072870,00:00,0,0,20230707,0,0
0,0,35107,32384022,22072870,00:00,0,0,20230708,0,0
0,0,35109,32406598,22072870,00:00,0,0,20230709,0,0
0,0,35111,32415857,22072870,00:00,0,0,20230710,0,0
0,0,35117,32447048,22072870,00:00,0,0,20230711,0,0
0,0,35127,32481168,22072870,00:00,0,0,20230712,0,0
0,0,35140,32510517,22072870,00:00,0,0,20230713,0,0
0,0,35144,32540077,22072870,00:00,0,0,20230714,0,0
0,0,35150,32570956,22072870,00:00,0,0,20230715,0,0
0,0,35155,32599388,22072870,00:00,0,0,20230716,0,0
0,0,35159,32611509,22072870,00:00,0,0,20230717,0,0
0,0,35164,32653466,22072870,00:00,0,0,20230718,0,0
0,0,35170,32700495,22072870,00:00,0,0,20230719,0,0
0,0,35180,32741356,22072870,00:00,0,0,20230720,0,0
0,0,35194,32782260,22072870,00:00,0,0,20230721,0,0
0,0,35201,32824760,22072870,00:00,0,0,20230722,0,0
0,0,35208,32866350,22072870,00:00,0,0,20230723,0,0
0,0,35216,32883134,22072870,00:00,0,0,20230724,0,0
0,0,35225,32933904,22072870,00:00,0,0,20230725,0,0
0,0,35243,32991124,22072870,00:00,0,0,20230726,0,0
0,0,35266,33042367,22072870,00:00,0,0,20230727,0,0
0,0,35283,33090442,22072870,00:00,0,0,20230728,0,0
0,0,35289,33138645,22072870,00:00,0,0,20230729,0,0
0,0,35303,33183410,22072870,00:00,0,0,20230730,0,0
0,0,35313,33201796,22072870,00:00,0,0,20230731,0,0
0,0,35322,33257857,22072870,00:00,0,0,20230801,0,0
0,0,35339,33322012,22072870,00:00,0,0,20230802,0,0
0,0,35357,33377472,22072870,00:00,0,0,20230803,0,0
0,0,35374,33432201,22072870,00:00,0,0,20230804,0,0
0,0,35386,33485320,22072870,00:00,0,0,20230805,0,0
0,0,35400,33534219,22072870,00:00,0,0,20230806,0,0
0,0,35411,33554474,22072870,00:00,0,0,20230807,0,0
0,0,35429,33615792,22072870,00:00,0,0,20230808,0,0
0,0,35452,33681491,22072870,00:00,0,0,20230809,0,0
0,0,35477,33737370,22072870,00:00,0,0,20230810,0,0
0,0,35505,33786715,22072870,00:00,0,0,20230811,0,0
0,0,35522,33834562,22072870,00:00,0,0,20230812,0,0
0,0,35537,33880303,22072870,00:00,0,0,20230813,0,0
0,0,35557,33897537,22072870,00:00,0,0,20230814,0,0
0,0,35563,33944427,22072870,00:00,0,0,20230815,0,0
0,0,35579,33981389,22072870,00:00,0,0,20230816,0,0
0,0,35600,34031243,22072870,00:00,0,0,20230817,0,0
0,0,35623,34082179,22072870,00:00,0,0,20230818,0,0
0,0,35645,34126241,22072870,00:00,0,0,20230819,0,0
0,0,35667,34165230,22072870,00:00,0,0,20230820,0,0
0,0,35687,34179800,22072870,00:00,0,0,20230821,0,0
0,0,35709,34227069,22072870,00:00,0,0,20230822,0,0
0,0,35723,34275231,22072870,00:00,0,0,20230823,0,0
0,0,35740,34316046,22072870,00:00,0,0,20230824,0,0
0,0,35764,34353555,22072870,00:00,0,0,20230825,0,0
0,0,35777,34390450,22072870,00:00,0,0,20230826,0,0
0,0,35800,34423432,22072870,00:00,0,0,20230827,0,0
0,0,35812,34436586,22072870,00:00,0,0,20230828,0,0
0,0,35833,34479536,22072870,00:00,0,0,20230829,0,0
0,0,35858,34522122,22072870,00:00,0,0,20230830,0,0
0,0,35934,34571873,22072870,00:00,0,0,20230831,0,0
