누적확진율,격리해제,사망자수,확진자수,누적검사,검사중,결과음성,날짜,누적검사완료,치료중
25,0,0,1,4,0,3,2020-01-20,4,1
6.666666667,0,0,1,15,0,14,2020-01-21,15,1
4.761904762,0,0,1,21,0,20,2020-01-22,21,1
4,0,0,1,25,0,24,2020-01-23,25,1
6.896551724,0,0,2,29,0,27,2020-01-24,29,2
4.255319149,0,0,2,47,0,45,2020-01-25,47,2
5.357142857,0,0,3,56,0,53,2020-01-26,56,3
4.761904762,0,0,4,84,0,80,2020-01-27,84,4
2.919708029,0,0,4,137,0,133,2020-01-28,137,4
1.923076923,0,0,4,208,0,204,2020-01-29,208,4
2.545454545,0,0,7,275,0,268,2020-01-30,275,7
3.28358209,0,0,11,335,0,324,2020-01-31,335,11
3.234501348,0,0,12,371,0,359,2020-02-01,371,12
3.496503497,0,0,15,429,0,414,2020-02-02,429,15
3.06122449,0,0,15,490,0,475,2020-02-03,490,15
2.635914333,0,0,16,607,0,591,2020-02-04,607,16
3.115727003,0,0,21,714,40,653,2020-02-05,674,21
3.351955307,0,0,24,885,169,692,2020-02-06,716,24
2.98879203,2,0,24,1130,327,779,2020-02-07,803,22
2.220166512,2,0,24,1701,620,1057,2020-02-08,1081,22
1.859504132,2,0,27,2340,888,1425,2020-02-09,1452,25
1.247216036,3,0,28,2776,531,2217,2020-02-10,2245,25
0.976630624,4,0,28,3629,762,2839,2020-02-11,2867,24
0.652832828,4,0,28,5074,785,4261,2020-02-12,4289,24
0.534861509,7,0,28,5797,562,5207,2020-02-13,5235,21
0.443108087,7,0,28,6854,535,6291,2020-02-14,6319,21
0.402241057,7,0,28,7519,558,6933,2020-02-15,6961,21
0.403551251,9,0,30,7919,485,7404,2020-02-16,7434,21
0.401983117,9,0,30,8171,708,7433,2020-02-17,7463,21
0.378832722,10,0,32,9265,818,8415,2020-02-18,8447,22
0.712589074,12,0,66,10411,1149,9196,2020-02-19,9262,54
0.796039219,16,1,82,12161,1860,10219,2020-02-20,10301,65
1.340666896,16,1,156,14816,3180,11480,2020-02-21,11636,139
2.547114252,17,3,346,19621,6037,13238,2020-02-22,13584,326
3.814489572,17,3,556,22633,8057,14020,2020-02-23,14576,536
4.492463495,17,7,763,28615,11631,16221,2020-02-24,16984,739
3.910492205,21,8,893,36716,13880,21943,2020-02-25,22836,864
4.509857936,21,11,1146,46127,20716,24265,2020-02-26,25411,1114
4.919499106,23,12,1595,57990,25568,30827,2020-02-27,32422,1560
4.967692799,25,13,2022,70940,30237,38681,2020-02-28,40703,1984
5.802696442,26,16,2931,85693,35182,47580,2020-02-29,50511,2889
5.541846758,28,17,3526,96985,33360,60099,2020-03-01,63625,3481
5.557314756,30,23,4212,109591,33799,71580,2020-03-02,75792,4159
5.329139718,34,28,4812,125851,35555,85484,2020-03-03,90296,4750
4.919985595,40,32,5328,136707,28414,102965,2020-03-04,108293,5256
4.622748154,86,35,5766,146541,21810,118965,2020-03-05,124731,5645
4.397234584,106,42,6284,164740,21832,136624,2020-03-06,142908,6136
4.267542836,115,44,6767,178189,19620,151802,2020-03-07,158569,6608
4.21775786,126,50,7134,188518,19376,162008,2020-03-08,169142,6958
4.120339361,159,51,7382,196618,17458,171778,2020-03-09,179160,7172
3.919308057,232,54,7513,210144,18452,184179,2020-03-10,191692,7227
3.804174536,272,60,7755,222395,18540,196100,2020-03-11,203855,7423
3.621744273,318,66,7869,234998,17727,209402,2020-03-12,217271,7485
3.458499309,490,67,7979,248647,17940,222728,2020-03-13,230707,7422
3.318000336,690,72,8086,261335,17634,235615,2020-03-14,243701,7324
3.239660237,807,75,8162,268212,16272,243778,2020-03-15,251940,7280
3.173392208,1106,75,8236,274504,14971,251297,2020-03-16,259533,7055
3.088057901,1362,81,8320,286716,17291,261105,2020-03-17,269425,6877
3.012162506,1498,84,8413,295647,16346,270888,2020-03-18,279301,6831
2.942085738,1896,91,8565,307024,15904,282555,2020-03-19,291120,6578
2.873091828,2173,94,8652,316664,15525,292487,2020-03-20,301139,6385
2.82195603,2536,102,8799,327509,15704,303006,2020-03-21,311805,6161
2.804501324,2817,104,8897,331780,14540,308343,2020-03-22,317240,5976
2.762262336,3065,111,8961,338036,13628,315447,2020-03-23,324408,5785
2.712657065,3396,120,9037,348582,15440,324105,2020-03-24,333142,5521
2.659057442,3606,126,9137,357896,14278,334481,2020-03-25,343618,5405
2.635970254,4001,131,9241,364942,14369,341332,2020-03-26,350573,5109
2.579739151,4367,139,9332,376961,15219,352410,2020-03-27,361742,4826
2.552233541,4641,144,9478,387925,16564,361883,2020-03-28,371361,4693
2.527742388,4857,152,9583,394141,15028,369530,2020-03-29,379113,4574
2.506934876,5043,158,9661,398902,13531,375710,2020-03-30,385371,4460
2.485825764,5206,162,9786,410564,16892,383886,2020-03-31,393672,4418
2.441463644,5361,165,9887,421547,16585,395075,2020-04-01,404962,4361
2.410488622,5609,169,9976,431743,17885,403882,2020-04-02,413858,4198
2.371072072,5789,174,10062,443273,18908,414303,2020-04-03,424365,4099
2.33531392,6084,177,10156,455032,20144,424732,2020-04-04,434888,3895
2.317835811,6227,183,10237,461233,19571,431425,2020-04-05,441662,3827
2.298054341,6359,186,10284,466804,19295,437225,2020-04-06,447509,3739
2.262325524,6451,192,10331,477304,20650,446323,2020-04-07,456654,3688
2.218116182,6530,200,10384,486003,17858,457761,2020-04-08,468145,3654
2.175074395,6715,204,10423,494711,15509,468779,2020-04-09,479202,3504
2.142477853,6871,208,10450,503051,15298,477303,2020-04-10,487753,3371
2.111162368,6994,211,10480,510479,14070,485929,2020-04-11,496409,3275
2.098903227,7122,214,10512,514621,13788,490321,2020-04-12,500833,3176
2.08508129,7198,217,10537,518743,13391,494815,2020-04-13,505352,3122
2.060114628,7291,222,10564,527438,14651,502223,2020-04-14,512787,3051
2.038589022,7377,225,10591,534552,15026,508935,2020-04-15,519526,2989
2.023423901,7516,229,10613,538775,14268,513894,2020-04-16,524507,2868
1.998019828,7598,230,10635,546463,14186,521642,2020-04-17,532277,2807
1.968098078,7706,232,10653,554834,13550,530631,2020-04-18,541284,2715
1.949472083,7807,234,10661,559109,12243,536205,2020-04-19,546866,2620
1.937015247,7873,236,10674,563035,11981,540380,2020-04-20,551054,2565
1.913511364,7976,237,10683,571014,12721,547610,2020-04-21,558293,2470
1.88994023,8047,238,10694,577959,12121,555144,2020-04-22,565838,2409
1.865005786,8192,240,10702,583971,10139,563130,2020-04-23,573832,2270
1.846461581,8284,240,10708,589520,9600,569212,2020-04-24,579920,2184
1.829316166,8436,240,10718,595161,9259,575184,2020-04-25,585902,2042
1.820508208,8525,242,10728,598285,8999,578558,2020-04-26,589286,1961
1.811510464,8573,243,10738,601660,8895,582027,2020-04-27,592765,1922
1.794060179,8673,244,10752,608514,9203,588559,2020-04-28,599311,1835
1.776064962,8736,246,10761,614197,8307,595129,2020-04-29,605890,1779
1.761153838,8876,247,10765,619881,8634,600482,2020-04-30,611247,1642
1.753626397,8910,248,10774,623069,8685,603610,2020-05-01,614384,1616
1.741332911,8968,250,10780,627562,8496,608286,2020-05-02,619066,1562
1.734135623,9032,250,10793,630973,8588,611592,2020-05-03,622385,1511
1.726102486,9073,252,10801,633921,8176,614944,2020-05-04,625745,1476
1.711175063,9144,254,10804,640237,8858,620575,2020-05-05,631379,1406
1.701501844,9195,255,10806,643095,8009,624280,2020-05-06,635086,1356
1.686535332,9286,256,10810,649388,8429,630149,2020-05-07,640959,1268
1.675242571,9356,256,10822,654863,8867,635174,2020-05-08,645996,1210
1.665445238,9444,256,10840,660030,9153,640037,2020-05-09,650877,1140
1.663306606,9493,256,10874,663886,10128,642884,2020-05-10,653758,1125
1.658986876,9527,256,10909,668492,10922,646661,2020-05-11,657570,1126
1.645600096,9567,258,10936,680890,16330,653624,2020-05-12,664560,1111
1.62078005,9629,259,10962,695920,19579,665379,2020-05-13,676341,1074
1.591141377,9709,260,10991,711484,20722,679771,2020-05-14,690762,1022
1.558698039,9774,260,11018,726747,19875,695854,2020-05-15,706872,984
1.528031211,9811,262,11037,740645,18343,711265,2020-05-16,722302,964
1.513713145,9860,262,11050,747653,17660,718943,2020-05-17,729993,928
1.501116511,9883,263,11065,753211,16093,726053,2020-05-18,737118,919
1.479732158,9930,263,11078,765574,16925,737571,2020-05-19,748649,885
1.461684397,10061,263,11110,776433,16351,748972,2020-05-20,760082,786
1.443300307,10132,264,11122,788684,18089,759473,2020-05-21,770595,726
1.42456772,10159,264,11142,802418,20286,770990,2020-05-22,782132,719
1.408209109,10192,266,11165,814420,21569,781686,2020-05-23,792851,707
1.398826935,10211,266,11190,820289,20333,788766,2020-05-24,799956,713
1.388001209,10224,267,11206,826437,19089,796142,2020-05-25,807348,715
1.373204589,10273,269,11225,839475,22044,806206,2020-05-26,817431,683
1.354267475,10294,269,11265,852876,21061,820550,2020-05-27,831815,702
1.340429353,10339,269,11344,868666,22370,834952,2020-05-28,846296,736
1.324946576,10362,269,11402,885120,24557,849161,2020-05-29,860563,771
1.305151819,10397,269,11441,902901,26298,865162,2020-05-30,876603,775
1.292128248,10404,270,11468,910822,23294,876060,2020-05-31,887528,794
1.281909837,10421,271,11503,921391,24058,885830,2020-06-01,897333,811
1.266948357,10445,272,11541,939851,28922,899388,2020-06-02,910929,824
1.247595499,10466,273,11590,956852,27865,917397,2020-06-03,928987,851
1.229724457,10498,273,11629,973858,28199,934030,2020-06-04,945659,858
1.212645267,10505,273,11668,990960,28766,950526,2020-06-05,962194,890
1.199057452,10531,273,11719,1005305,27954,965632,2020-06-06,977351,915
1.193971741,10552,273,11776,1012769,26481,974512,2020-06-07,986288,951
1.188621911,10563,273,11813,1018214,24374,982027,2020-06-08,993840,977
1.175067276,10590,274,11851,1035997,27459,996687,2020-06-09,1008538,987
1.160225357,10611,276,11901,1051972,26223,1013848,2020-06-10,1025749,1014
1.147116269,10653,276,11946,1066888,25494,1029448,2020-06-11,1041394,1017
1.135217859,10668,277,12002,1081486,24244,1045240,2020-06-12,1057242,1057
1.124747049,10691,277,12050,1094704,23352,1059302,2020-06-13,1071352,1082
1.119955958,10718,277,12084,1100327,21356,1066887,2020-06-14,1078971,1089
1.117219055,10730,277,12121,1105719,20793,1072805,2020-06-15,1084926,1114
1.107885538,10760,278,12155,1119767,22632,1084980,2020-06-16,1097135,1117
1.097599821,10774,279,12198,1132823,21489,1099136,2020-06-17,1111334,1145
1.090482367,10800,280,12257,1145712,21714,1111741,2020-06-18,1123998,1177
1.082442806,10835,280,12306,1158063,21190,1124567,2020-06-19,1136873,1191
1.07644565,10860,280,12373,1170901,21470,1137058,2020-06-20,1149431,1233
1.074116736,10867,280,12421,1176463,20071,1143971,2020-06-21,1156392,1274
1.069785484,10880,280,12438,1182066,19403,1150225,2020-06-22,1162663,1278
1.063614073,10907,281,12484,1196012,22278,1161250,2020-06-23,1173734,1296
1.05482214,10929,281,12535,1208597,20245,1175817,2020-06-24,1188352,1325
1.045541779,10973,282,12563,1220478,18900,1189015,2020-06-25,1201578,1308
1.03849485,11171,282,12602,1232315,18828,1200885,2020-06-26,1213487,1149
1.033814467,11314,282,12653,1243780,19866,1211261,2020-06-27,1223914,1057
1.03148399,11360,282,12715,1251695,19005,1219975,2020-06-28,1232690,1073
1.027584568,11425,282,12757,1259954,18499,1228698,2020-06-29,1241455,1050
1.021504347,11533,282,12799,1273765,20809,1240157,2020-06-30,1252956,984
1.015244468,11611,282,12850,1285231,19526,1252855,2020-07-01,1265705,957
1.011142629,11681,282,12904,1295962,19782,1263276,2020-07-02,1276180,941
1.00800887,11755,282,12965,1307759,21560,1273234,2020-07-03,1286199,928
1.00431699,11808,283,13028,1319521,22321,1284172,2020-07-04,1297200,937
1.003445246,11828,283,13089,1326055,21649,1291317,2020-07-05,1304406,978
1.002438756,11845,284,13137,1331796,21292,1297367,2020-07-06,1310504,1008
0.996658649,11911,285,13181,1346194,23675,1309338,2020-07-07,1322519,985
0.991448819,11967,285,13243,1359734,24012,1322479,2020-07-08,1335722,991
0.986230756,12016,287,13293,1371771,23912,1334566,2020-07-09,1347859,990
0.97975338,12061,288,13338,1384890,23527,1348025,2020-07-10,1361363,989
0.973296041,12139,288,13373,1396941,22950,1360618,2020-07-11,1373991,946
0.972025206,12173,289,13417,1402144,21830,1366897,2020-07-12,1380314,955
0.972183254,12198,289,13479,1408312,21845,1372988,2020-07-13,1386467,992
0.967681639,12275,289,13512,1420616,24289,1382815,2020-07-14,1396327,948
0.96241599,12344,289,13551,1431316,23297,1394468,2020-07-15,1408019,918
0.959981494,12393,291,13612,1441348,23404,1404332,2020-07-16,1417944,928
0.957485326,12455,293,13672,1451017,23110,1414235,2020-07-17,1427907,924
0.953954028,12513,294,13711,1460204,22923,1423570,2020-07-18,1437281,904
0.952301111,12549,295,13745,1465299,21953,1429601,2020-07-19,1443346,901
0.950451069,12567,296,13771,1470193,21302,1435120,2020-07-20,1448891,908
0.947257711,12638,296,13816,1482390,23864,1444710,2020-07-21,1458526,882
0.943944175,12692,297,13879,1492071,21751,1456441,2020-07-22,1470320,890
0.942115779,12752,297,13938,1500854,21418,1465498,2020-07-23,1479436,889
0.938334022,12811,298,13979,1510327,20559,1475789,2020-07-24,1489768,870
0.940122872,12860,298,14092,1518634,19681,1484861,2020-07-25,1498953,934
0.94100466,12884,298,14150,1522926,19214,1489562,2020-07-26,1503712,968
0.939859595,12899,299,14175,1526974,18770,1494029,2020-07-27,1508204,977
0.93609533,13002,300,14203,1537704,20444,1503057,2020-07-28,1517260,901
0.932668665,13066,300,14251,1547307,19326,1513730,2020-07-29,1527981,885
0.928247973,13128,300,14269,1556215,19018,1522928,2020-07-30,1537197,841
0.925610787,13179,301,14305,1563796,18330,1531161,2020-07-31,1545466,825
0.922788552,13228,301,14336,1571830,18278,1539216,2020-08-01,1553552,807
0.921796779,13254,301,14366,1576246,17768,1544112,2020-08-02,1558478,811
0.920980878,13275,301,14389,1579757,17401,1547967,2020-08-03,1562356,813
0.918044933,13346,301,14423,1589780,18724,1556633,2020-08-04,1571056,776
0.915112202,13402,302,14456,1598187,18490,1565241,2020-08-05,1579697,752
0.912773158,13496,302,14499,1606487,18031,1573957,2020-08-06,1588456,701
0.909379024,13540,303,14519,1613652,17068,1582065,2020-08-07,1596584,676
0.907623929,13625,304,14562,1620514,16105,1589847,2020-08-08,1604409,633
0.907922209,13638,305,14598,1624650,16803,1593249,2020-08-09,1607847,655
0.907372448,13654,305,14626,1628303,16396,1597281,2020-08-10,1611907,667
0.904740011,13725,305,14660,1637844,17489,1605695,2020-08-11,1620355,630
0.903099964,13783,305,14714,1646652,17375,1614563,2020-08-12,1629277,626
0.902205119,13814,305,14770,1654898,17798,1622330,2020-08-13,1637100,651
0.904160121,13861,305,14873,1665084,20132,1630079,2020-08-14,1644952,707
0.909427349,13899,305,15039,1675296,21618,1638639,2020-08-15,1653678,835
0.922892283,13908,305,15318,1681787,22005,1644464,2020-08-16,1659782,1105
0.931548731,13915,305,15515,1688470,22964,1649991,2020-08-17,1665506,1295
0.942743341,13932,306,15761,1697042,25219,1656062,2020-08-18,1671823,1523
0.953539164,14004,306,16058,1715064,31022,1667984,2020-08-19,1684042,1748
0.96204722,14061,307,16346,1734083,34998,1682739,2020-08-20,1699085,1978
0.971401067,14118,309,16670,1754123,38045,1699408,2020-08-21,1716078,2243
0.980862169,14166,309,17002,1775800,42427,1716371,2020-08-22,1733373,2527
0.997808011,14197,309,17398,1791186,47564,1726224,2020-08-23,1743622,2892
1.005678004,14216,309,17664,1804422,47995,1738763,2020-08-24,1756427,3139
1.010659119,14283,310,17944,1825837,50362,1757531,2020-08-25,1775475,3351
1.016524082,14364,312,18264,1849506,52795,1778447,2020-08-26,1796711,3588
1.029139418,14457,313,18705,1869579,52041,1798833,2020-08-27,1817538,3935
1.038428835,14547,316,19076,1887717,50711,1817930,2020-08-28,1837006,4213
1.045608675,14760,321,19399,1909329,54046,1835884,2020-08-29,1855283,4318
1.055542725,14898,323,19698,1924170,58021,1846451,2020-08-30,1866149,4477
1.061062989,14966,324,19946,1937689,57876,1859867,2020-08-31,1879813,4656
1.060853045,15192,324,20181,1959080,56743,1882156,2020-09-01,1902337,4665
1.063036151,15351,326,20448,1980295,56748,1903099,2020-09-02,1923547,4771
1.061321482,15522,329,20643,2000552,55524,1924385,2020-09-03,1945028,4792
1.059726234,15764,331,20841,2018906,52266,1945799,2020-09-04,1966640,4746
1.058404972,15983,333,21009,2037045,52077,1963959,2020-09-05,1984968,4693
1.060754971,16118,334,21176,2045935,49621,1975138,2020-09-06,1996314,4724
1.062525072,16288,336,21295,2051297,47109,1982893,2020-09-07,2004188,4671
1.059520208,16631,341,21431,2066078,43370,2001277,2020-09-08,2022708,4459
1.0552373,17016,344,21587,2082234,36533,2024114,2020-09-09,2045701,4227
1.052079941,17353,346,21742,2099591,33018,2044831,2020-09-10,2066573,4043
1.048814521,17609,350,21918,2119211,29423,2067870,2020-09-11,2089788,3959
1.046388101,18022,355,22054,2135457,27826,2085577,2020-09-12,2107631,3677
1.048183346,18221,358,22175,2143270,27705,2093390,2020-09-13,2115565,3596
1.049386728,18482,363,22284,2151002,27476,2101242,2020-09-14,2123526,3439
1.047599084,18870,367,22390,2164578,27310,2114878,2020-09-15,2137268,3153
1.045197609,19298,367,22503,2178832,25842,2130487,2020-09-16,2152990,2838
1.045797975,19533,372,22656,2191892,25508,2143728,2020-09-17,2166384,2751
1.044584913,19761,377,22782,2206365,25403,2158180,2020-09-18,2180962,2644
1.043173778,19962,378,22892,2219162,24705,2171565,2020-09-19,2194457,2552
1.043121974,20150,383,22974,2226701,24274,2179453,2020-09-20,2202427,2441
1.043161934,20239,385,23044,2231589,22536,2186009,2020-09-21,2209053,2420
1.039880462,20434,388,23105,2245112,23222,2198785,2020-09-22,2221890,2283
1.038065223,20643,388,23215,2256899,20527,2213157,2020-09-23,2236372,2184
1.038156014,20824,393,23340,2268999,20782,2224877,2020-09-24,2248217,2123
1.037465813,20971,395,23454,2280276,19575,2237247,2020-09-25,2260701,2088
1.035065456,21158,399,23515,2290345,18508,2248322,2020-09-26,2271837,1958
1.036599742,21240,401,23610,2296517,18878,2254029,2020-09-27,2277639,1969
1.036484609,21284,406,23660,2301303,18587,2259056,2020-09-28,2282716,1970
1.033498649,21462,407,23698,2313044,20056,2269290,2020-09-29,2292988,1829
1.034180376,21586,413,23811,2322999,20596,2278592,2020-09-30,2302403,1812
1.508973374,42929,917,61753,4269312,176927,4030632,2021-01-01,4092385,17907
1.517507982,43546,942,62573,4302792,179387,4060832,2021-01-02,4123405,18085
1.522015425,44477,962,63230,4340832,186472,4091130,2021-01-03,4154360,17791
1.534925834,45208,981,64250,4376602,190732,4121620,2021-01-04,4185870,18061
1.530147779,46137,1007,64964,4439354,193751,4180639,2021-01-05,4245603,17820
1.525745123,46965,1027,65802,4504860,192082,4246976,2021-01-06,4312778,17810
1.522850408,47622,1046,66671,4569802,191762,4311369,2021-01-07,4378040,18003
1.516934389,48329,1081,67345,4629998,190452,4372201,2021-01-08,4439546,17935
1.509563165,49283,1100,67986,4689610,185923,4435701,2021-01-09,4503687,17603
1.5146283,50387,1125,68643,4723457,191454,4463360,2021-01-10,4532003,17131
1.514582908,52523,1140,69094,4751679,189763,4492822,2021-01-11,4561916,15431
1.504783882,53537,1165,69631,4814079,186770,4557678,2021-01-12,4627309,14929
1.496825175,54607,1185,70192,4872306,182914,4619200,2021-01-13,4689392,14400
1.487001355,55672,1195,70716,4925353,169742,4684895,2021-01-14,4755611,13849
1.479065025,56493,1217,71228,4978068,162323,4744517,2021-01-15,4815745,13518
1.472493784,57512,1236,71808,5032264,155639,4804817,2021-01-16,4876625,13060
1.475509797,58205,1249,72328,5061284,159385,4829571,2021-01-17,4901899,12874
1.475235531,58677,1264,72717,5087214,158035,4856462,2021-01-18,4929179,12776
1.466172614,59434,1283,73103,5140320,154345,4912872,2021-01-19,4985975,12386
1.457320534,60144,1300,73507,5192124,148141,4970476,2021-01-20,5043983,12063
1.45014296,60816,1316,73907,5237602,141070,5022625,2021-01-21,5096532,11775
1.442061196,61384,1328,74253,5282220,133132,5074835,2021-01-22,5149088,11541
1.438145992,62016,1337,74684,5329704,136629,5118391,2021-01-23,5193075,11331
1.438628623,62503,1349,75076,5354346,135765,5143505,2021-01-24,5218581,11224
1.440666034,62930,1360,75513,5376083,134549,5166021,2021-01-25,5241534,11223
1.435655706,64768,1371,75862,5422760,138624,5208274,2021-01-26,5284136,9723
1.433570126,65456,1378,76421,5469244,138427,5254396,2021-01-27,5330817,9587
1.428968994,65996,1386,76918,5522186,139424,5305844,2021-01-28,5382762,9536
1.426092065,66480,1399,77387,5569261,142753,5349121,2021-01-29,5426508,9508
1.422899166,67097,1414,77843,5616527,145795,5392889,2021-01-30,5470732,9332
1.424024729,67837,1420,78197,5640817,149550,5413070,2021-01-31,5491267,8940
1.424102272,68287,1425,78502,5661841,149456,5433883,2021-02-01,5512385,8790
1.418677606,68756,1435,78838,5711412,154265,5478309,2021-02-02,5557147,8647
1.411657527,69280,1441,79305,5756713,138849,5538559,2021-02-03,5617864,8584
1.403523344,69687,1448,79756,5803094,120538,5602800,2021-02-04,5682556,8621
1.395991442,70088,1459,80126,5847177,107457,5659594,2021-02-05,5739720,8579
1.389242841,70490,1464,80516,5893352,97677,5715159,2021-02-06,5795675,8562
1.388326537,70840,1471,80887,5916974,90751,5745336,2021-02-07,5826223,8576
1.386812206,71204,1474,81175,5938195,84843,5772177,2021-02-08,5853352,8497
1.379866528,71661,1482,81478,5987404,82630,5823296,2021-02-09,5904774,8335
1.376852832,72210,1486,81922,6030022,80076,5868024,2021-02-10,5949946,8226
1.376429369,72627,1496,82426,6070007,81614,5905967,2021-02-11,5988393,8303
1.377611702,72927,1507,82829,6093368,80861,5929678,2021-02-12,6012507,8395
1.376175852,73219,1514,83191,6115336,70251,5961894,2021-02-13,6045085,8458
1.377739762,73551,1522,83517,6140085,78200,5978368,2021-02-14,6061885,8444
1.378661134,73786,1527,83860,6162859,80146,5998853,2021-02-15,6082713,8547
1.374003682,74541,1534,84317,6213489,76897,6052275,2021-02-16,6136592,8242
1.372589831,75350,1538,84938,6260566,72410,6103218,2021-02-17,6188156,8050
1.372789348,75887,1544,85559,6303213,70720,6146934,2021-02-18,6232493,8128
1.372457619,76503,1550,86120,6345991,71116,6188755,2021-02-19,6274875,8067
1.37094142,77071,1553,86568,6390630,76137,6227925,2021-02-20,6314493,7944
1.372424003,77502,1557,86984,6411339,73356,6250999,2021-02-21,6337983,7925
1.373609691,77872,1562,87316,6429143,72461,6269366,2021-02-22,6356682,7882
1.370171942,78379,1573,87672,6472678,74065,6310941,2021-02-23,6398613,7720
1.369049312,79035,1576,88112,6510987,74988,6347887,2021-02-24,6435999,7501
1.365313386,79473,1581,88507,6551213,68672,6394034,2021-02-25,6482541,7453
1.363170117,79865,1585,88894,6590065,68942,6432229,2021-02-26,6521123,7444
1.361786154,80318,1595,89309,6627214,68989,6468916,2021-02-27,6558225,7396
1.363479598,80683,1603,89664,6649005,72889,6486452,2021-02-28,6576116,7378
1.365577626,81056,1605,90019,6665754,73745,6501990,2021-03-01,6592009,7358
1.367366453,81324,1606,90363,6681975,73432,6518180,2021-03-02,6608543,7433
1.365450011,81687,1612,90807,6716202,65867,6559528,2021-03-03,6650335,7508
1.363323226,82148,1619,91231,6751899,60089,6600579,2021-03-04,6691810,7464
1.362451625,82545,1627,91629,6789010,63707,6633674,2021-03-05,6725303,7457
1.362292728,82901,1632,92047,6821942,65171,6664724,2021-03-06,6756771,7514
1.364419324,83207,1634,92463,6843125,66396,6684266,2021-03-07,6776729,7622
1.365960332,83462,1642,92809,6861808,67394,6701605,2021-03-08,6794414,7705
1.364877361,83889,1645,93255,6902983,70501,6739227,2021-03-09,6832482,7721
1.364541999,84301,1648,93725,6938883,70278,6774880,2021-03-10,6868605,7776
1.363346349,84665,1652,94190,6976984,68248,6814546,2021-03-11,6908736,7873
1.363465187,85732,1662,94678,7012663,68738,6849247,2021-03-12,6943925,7284
1.36365193,86613,1667,95168,7046781,67874,6883739,2021-03-13,6978907,6888
1.366772257,87393,1669,95627,7066400,69843,6900930,2021-03-14,6996557,6565
1.368903786,87740,1675,96006,7084939,71590,6917343,2021-03-15,7013349,6591
1.367317856,88240,1678,96369,7126076,78044,6951663,2021-03-16,7048032,6451
1.366215546,88799,1686,96838,7171509,83462,6991209,2021-03-17,7088047,6353
1.364731094,89164,1688,97283,7218086,89722,7031081,2021-03-18,7128364,6431
1.362010055,89508,1690,97746,7264940,88341,7078853,2021-03-19,7176599,6548
1.36078075,89935,1693,98193,7308949,93018,7117738,2021-03-20,7215931,6565
1.363609032,90314,1696,98649,7332713,98308,7135756,2021-03-21,7234405,6639
1.365866653,90597,1697,99064,7355963,103132,7153767,2021-03-22,7252831,6770
1.361628431,91064,1704,99410,7400989,100172,7201407,2021-03-23,7300817,6642
1.358916428,91545,1707,99838,7441209,94326,7247045,2021-03-24,7346883,6586
1.355178997,92053,1709,100268,7485858,86983,7298607,2021-03-25,7398875,6506
1.35208143,92612,1716,100757,7529401,77409,7351235,2021-03-26,7451992,6429
1.350629659,93464,1721,101262,7572566,75174,7396130,2021-03-27,7497392,6077
1.353520672,93843,1722,101744,7595594,78605,7415245,2021-03-28,7516989,6179
1.354925246,94110,1726,102126,7616328,78938,7435264,2021-03-29,7537390,6290
1.352211626,94550,1729,102573,7663997,78424,7483000,2021-03-30,7585573,6294
1.349820651,95017,1731,103079,7707798,71302,7533417,2021-03-31,7636496,6331
1.349060526,95426,1735,103630,7747301,65659,7578012,2021-04-01,7681642,6469
1.350002546,95847,1737,104187,7788293,70752,7613354,2021-04-02,7717541,6603
1.350603555,96185,1740,104730,7829599,75288,7649581,2021-04-03,7754311,6805
1.354921538,96578,1744,105273,7849474,79799,7664402,2021-04-04,7769675,6951
1.35775092,96890,1748,105746,7868818,80497,7682575,2021-04-05,7788321,7108
1.354516686,97352,1752,106223,7921288,79155,7735910,2021-04-06,7842133,7119
1.354504067,97920,1756,106891,7966165,74642,7784632,2021-04-07,7891523,7215
1.356002483,98351,1758,107591,8012419,77994,7826834,2021-04-08,7934425,7482
1.357143027,98778,1764,108262,8059111,81912,7868937,2021-04-09,7977199,7720
1.358915373,99291,1765,108939,8106628,90014,7907675,2021-04-10,8016614,7883
1.363002809,100102,1768,109553,8129530,91909,7928068,2021-04-11,8037621,7683
1.366919627,100790,1770,110140,8152781,95248,7947393,2021-04-12,8057533,7580
1.36392993,101318,1775,110682,8200517,85584,8004251,2021-04-13,8114933,7589
1.363557535,101970,1782,111413,8245386,74627,8059346,2021-04-14,8170759,7661
1.363730967,102501,1788,112111,8291124,70221,8108792,2021-04-15,8220903,7822
1.365019181,103049,1790,112784,8333331,70883,8149664,2021-04-16,8262448,7945
1.365662265,103585,1794,113442,8377778,71039,8193297,2021-04-17,8306739,8063
1.37091215,103998,1797,114113,8396065,72191,8209761,2021-04-18,8323874,8318
1.373971918,104466,1801,114645,8414820,70763,8229412,2021-04-19,8344057,8378
1.372664279,105217,1802,115194,8458591,66590,8276807,2021-04-20,8392001,8175
1.375085969,105867,1806,115925,8497593,67211,8314457,2021-04-21,8430382,8252
1.377272408,106449,1808,116660,8537504,67139,8353705,2021-04-22,8470365,8403
1.374796777,107061,1811,117457,8583529,39939,8426133,2021-04-23,8543590,8585
1.382195163,107771,1812,118242,8632922,78269,8436411,2021-04-24,8554653,8659
1.386065198,108465,1813,118886,8654790,77560,8458344,2021-04-25,8577230,8608
1.389022528,108841,1817,119385,8672977,78084,8475508,2021-04-26,8594893,8727
1.386878116,109686,1820,119897,8721608,76508,8525203,2021-04-27,8645100,8391
1.388668632,110239,1821,120666,8766496,77166,8568664,2021-04-28,8689330,8606
1.390712113,110778,1825,121345,8805778,80392,8604041,2021-04-29,8725386,8742
1.391844194,111412,1828,122006,8848291,82511,8643774,2021-04-30,8765780,8766
1.393845883,112328,1831,122633,8883387,85212,8675542,2021-05-01,8798175,8474
1.398595447,112855,1833,123239,8898233,86607,8688387,2021-05-02,8811626,8551
1.401798692,113345,1834,123727,8915325,89022,8702576,2021-05-03,8826303,8548
1.399562882,114115,1840,124268,8957154,78096,8754790,2021-05-04,8879058,8313
1.401491609,114931,1847,124944,8994068,78995,8790129,2021-05-05,8915073,8166
1.404957457,115477,1851,125518,9010991,77055,8808418,2021-05-06,8933936,8190
1.404776863,116008,1860,126043,9051353,78896,8846414,2021-05-07,8972457,8175
1.406562226,116868,1865,126744,9089165,78259,8884162,2021-05-08,9010906,8011
1.410694676,117411,1874,127308,9105770,81280,8897182,2021-05-09,9024490,8023
1.413605557,117832,1875,127771,9122058,83398,8910889,2021-05-10,9038660,8064
1.412840025,118706,1879,128281,9164283,84628,8951374,2021-05-11,9079655,7696
1.413966632,119360,1884,128915,9201538,84279,8988344,2021-05-12,9117259,7671
1.416158717,119892,1891,129630,9241152,87517,9024005,2021-05-13,9153635,7847
1.419288441,120384,1893,130377,9281290,95208,9055705,2021-05-14,9186082,8100
1.421472325,121270,1896,131058,9319093,99216,9088819,2021-05-15,9219877,7892
1.425757584,121743,1900,131668,9336613,101663,9103282,2021-05-16,9234950,8025
1.429898627,122151,1903,132287,9353299,101804,9119208,2021-05-17,9251495,8233
1.429410897,122615,1904,132815,9395003,103413,9158775,2021-05-18,9291590,8296
1.431433582,123224,1912,133469,9428643,104494,9190680,2021-05-19,9324149,8333
1.436153877,123649,1916,134115,9447357,108873,9204369,2021-05-20,9338484,8550
1.4368562,124150,1922,134676,9487107,114144,9238287,2021-05-21,9372963,8604
1.439286846,125024,1926,135342,9520965,117558,9268065,2021-05-22,9403407,8392
1.443871791,125831,1931,135927,9536298,122235,9278136,2021-05-23,9414063,8165
1.446605861,126418,1934,136457,9553612,120704,9296451,2021-05-24,9432908,8105
1.445529521,126983,1938,136973,9592726,117098,9338655,2021-05-25,9475628,8052
1.447963934,127562,1940,137678,9629455,121069,9370708,2021-05-26,9508386,8176
1.449298446,128169,1943,138307,9665690,122659,9404724,2021-05-27,9543031,8195
1.449896399,128750,1946,138894,9702453,122872,9440687,2021-05-28,9579581,8198
1.450883775,129731,1951,139427,9733588,123790,9470371,2021-05-29,9609798,7745
1.454165571,130374,1957,139907,9747612,126493,9481212,2021-05-30,9621119,7576
1.456805177,130817,1959,140337,9761156,127953,9492866,2021-05-31,9633203,7561
1.455889634,131457,1963,140796,9798400,127612,9529992,2021-06-01,9670788,7376
1.457668392,132061,1965,141473,9834348,128917,9563958,2021-06-02,9705431,7447
1.459112138,132690,1968,142154,9872322,129822,9600346,2021-06-03,9742500,7496
1.461000475,133278,1969,142849,9911322,133844,9634629,2021-06-04,9777478,7602
1.463921944,133755,1971,143593,9945952,137164,9665195,2021-06-05,9808788,7867
1.467429756,134254,1973,144149,9959695,136465,9679081,2021-06-06,9823230,7922
1.470490004,134852,1974,144634,9972295,136526,9691135,2021-06-07,9835769,7808
1.470090853,135404,1975,145088,10008582,139260,9724234,2021-06-08,9869322,7709
1.469633196,136166,1977,145690,10044782,131424,9767668,2021-06-09,9913358,7547
1.470864122,136705,1979,146300,10076861,130327,9800234,2021-06-10,9946534,7616
1.471899741,137217,1981,146856,10111063,133753,9830454,2021-06-11,9977310,7658
1.47151213,138030,1982,147421,10140534,122200,9870913,2021-06-12,10018334,7409
1.474543917,138572,1985,147873,10152906,124517,9880516,2021-06-13,10028389,7316
1.476508035,139015,1988,148272,10165496,123424,9893800,2021-06-14,10042072,7269
1.475706268,139726,1992,148645,10196468,123664,9924159,2021-06-15,10072804,6927
1.475577311,140431,1993,149190,10229383,118764,9961429,2021-06-16,10110619,6766
1.477134747,141022,1994,149730,10257835,121319,9986786,2021-06-17,10136516,6714
1.477516692,141809,1996,150237,10294047,125837,10017973,2021-06-18,10168210,6432
1.478444312,142379,1997,150719,10323153,128721,10043713,2021-06-19,10194432,6343
1.481179366,142887,2002,151148,10335633,131062,10053423,2021-06-20,10204571,6259
1.48278272,143257,2004,151505,10346046,128433,10066108,2021-06-21,10217613,6244
1.481520134,143811,2006,151899,10380042,127127,10101016,2021-06-22,10252915,6082
1.483868388,144373,2007,152544,10409948,129791,10127613,2021-06-23,10280157,6164
1.484365384,144783,2008,153154,10438781,120971,10164656,2021-06-24,10317810,6363
1.486685106,145385,2009,153788,10466544,122188,10190568,2021-06-25,10344356,6394
1.487880387,145986,2012,154456,10495515,114573,10226486,2021-06-26,10380942,6458
1.492162323,146337,2013,155070,10508677,116376,10237231,2021-06-27,10392301,6720
1.495000281,146672,2015,155571,10520928,114843,10250514,2021-06-28,10406085,6884
1.496003116,147075,2017,156166,10555740,116858,10282716,2021-06-29,10438882,7074
1.499862255,147692,2018,156960,10579071,114110,10308001,2021-06-30,10464961,7250
1.503624138,148024,2021,157721,10614315,124925,10331669,2021-07-01,10489390,7676
1.508391023,148318,2024,158546,10641601,130666,10352389,2021-07-02,10510935,8204
1.512237172,149131,2025,159340,10670616,133909,10377367,2021-07-03,10536707,8184
1.517543135,149613,2026,160083,10685124,136297,10388744,2021-07-04,10548827,8444
1.521915262,150043,2028,160794,10700133,134893,10404446,2021-07-05,10565240,8723
1.52482307,150759,2032,161540,10735715,141699,10432476,2021-07-06,10594016,8749
1.531954059,151500,2033,162751,10766500,142748,10461001,2021-07-07,10623752,9218
1.539915705,151923,2034,164026,10802780,151158,10487596,2021-07-08,10651622,10069
1.547603102,152498,2036,165342,10844215,160468,10518405,2021-07-09,10683747,10808
1.556397131,153153,2038,166720,10881638,169719,10545199,2021-07-10,10711919,11529
1.566666486,153760,2043,168044,10902276,176062,10558170,2021-07-11,10726214,12241
1.574131766,154325,2044,169144,10919896,174671,10576081,2021-07-12,10745225,12775
1.578964888,155065,2046,170294,10964297,179130,10614873,2021-07-13,10785167,13183
1.587769115,156084,2048,171907,11008857,181905,10655045,2021-07-14,10826952,13775
1.598253496,156686,2050,173506,11060454,204479,10682469,2021-07-15,10855975,14770
1.60729781,157533,2051,175041,11108582,218192,10715349,2021-07-16,10890390,15457
1.615973942,158528,2055,176490,11149223,227636,10745097,2021-07-17,10921587,15907
1.630927675,159203,2057,177943,11175977,265438,10732596,2021-07-18,10910539,16683
1.634722225,159920,2058,179194,11202429,240689,10782546,2021-07-19,10961740,17216
1.639564831,161207,2059,180472,11251982,244671,10826839,2021-07-20,11007311,17206
1.649873688,162647,2060,182253,11298669,252187,10864229,2021-07-21,11046482,17546
1.662335814,163780,2063,184094,11343913,269496,10890323,2021-07-22,11074417,18251
1.671630834,164819,2066,185723,11388299,278011,10924565,2021-07-23,11110288,18838
1.67939231,165947,2068,187350,11430518,274697,10968471,2021-07-24,11155821,19335
1.689275533,166039,2073,188837,11453340,274761,10989742,2021-07-25,11178579,20725
1.699126896,167302,2077,190155,11472339,281003,11001181,2021-07-26,11191336,20776
1.707057587,169166,2079,191518,11528602,309414,11027670,2021-07-27,11219188,20273
1.717447696,170230,2083,193413,11585607,323954,11068240,2021-07-28,11261653,21100
1.727162415,171428,2085,195086,11637500,342326,11100088,2021-07-29,11295174,21573
1.737598412,172847,2089,196796,11682962,357215,11128951,2021-07-30,11325747,21860
1.745957213,174341,2095,198334,11728815,369201,11161280,2021-07-31,11359614,21898
1.756553576,175267,2098,199776,11751780,378600,11173404,2021-08-01,11373180,22411
1.765361674,176572,2099,200994,11772599,387170,11184435,2021-08-02,11385429,22323
1.765622622,177790,2104,202194,11820011,368300,11249517,2021-08-03,11451711,22300
1.77841233,179388,2106,203919,11864240,397889,11262432,2021-08-04,11466351,22425
1.789742069,180722,2109,205694,11908430,415489,11287247,2021-08-05,11492941,22863
1.799611891,182457,2113,207398,11951646,427050,11317198,2021-08-06,11524596,22828
1.811282604,183670,2116,209221,11995923,444937,11341765,2021-08-07,11550986,23435
1.82462691,184987,2121,210948,12027437,466279,11350210,2021-08-08,11561158,23840
1.832900846,186226,2125,212439,12057824,467508,11377877,2021-08-09,11590316,24088
1.837309938,187508,2134,213976,12112079,465922,11432181,2021-08-10,11646157,24334
1.852885532,189491,2135,216197,12156192,488067,11451928,2021-08-11,11668125,24571
1.865308522,190519,2138,218184,12207035,510096,11478755,2021-08-12,11696939,25527
1.878861867,192235,2144,220173,12257959,539535,11498251,2021-08-13,11718424,25794
1.890773543,193766,2148,222101,12309273,562705,11524467,2021-08-14,11746568,26187
1.904124127,195091,2156,223917,12344711,585131,11535663,2021-08-15,11759580,26670
1.914414414,196186,2167,225471,12372769,595225,11552073,2021-08-16,11777544,27118
1.877172914,197211,2173,226843,12404969,320680,11857446,2021-08-17,12084289,27459
1.933262754,199564,2178,228646,12461676,634727,11598303,2021-08-18,11826949,26904
1.945043614,201213,2191,230798,12518695,652740,11635157,2021-08-19,11865955,27394
1.956229267,202754,2197,232938,12567090,659590,11674562,2021-08-20,11907500,27987
1.96183021,204498,2202,234725,12632591,667998,11729868,2021-08-21,11964593,28025
1.971911127,206257,2215,236351,12664332,678447,11749534,2021-08-22,11985885,27879
1.980611882,207584,2222,237768,12694018,689243,11767007,2021-08-23,12004775,27962
1.983781699,209174,2228,239275,12749751,688192,11822284,2021-08-24,12061559,27873
1.993794379,211154,2237,241429,12806608,697586,11867593,2021-08-25,12109022,28038
2.001538639,212860,2257,243311,12866797,710599,11912887,2021-08-26,12156198,28194
2.007877595,214659,2265,245148,12927789,718479,11964162,2021-08-27,12209310,28224
2.01742456,216974,2276,246939,12983486,743177,11993370,2021-08-28,12240309,27689
2.028493976,218713,2279,248558,13015921,762594,12004769,2021-08-29,12253327,27566
2.035704845,220346,2284,250043,13049678,766807,12032828,2021-08-30,12282871,27413
2.036809746,221688,2285,251413,13094711,751241,12092057,2021-08-31,12343470,27440
2.048611282,224305,2292,253437,13152140,780979,12117724,2021-09-01,12371161,26840
2.059060084,226206,2303,255397,13223511,819939,12148175,2021-09-02,12403572,26888
2.063198116,228603,2308,257105,13286677,825198,12204374,2021-09-03,12461479,26194
2.071293661,230390,2315,258908,13350356,850535,12240913,2021-09-04,12499821,26203
2.081845124,232317,2321,260398,13382733,874694,12247641,2021-09-05,12508039,25760
2.089933076,233678,2327,261773,13416743,891318,12263652,2021-09-06,12525425,25768
2.093323421,235209,2330,263370,13468412,886983,12318059,2021-09-07,12581429,25831
2.102950836,237270,2334,265417,13519664,898494,12355753,2021-09-08,12621170,25813
2.110860713,238901,2343,267466,13568869,897924,12403479,2021-09-09,12670945,26222
2.116540437,240716,2348,269359,13615055,888674,12457022,2021-09-10,12726381,26295
2.123843897,242944,2358,271223,13665460,895077,12499160,2021-09-11,12770383,25921
2.133681795,244445,2359,272978,13704173,910419,12520776,2021-09-12,12793754,26174
2.142162206,245491,2360,274411,13735740,925739,12535590,2021-09-13,12810001,26560
2.142920551,247647,2367,275919,13790239,914400,12599920,2021-09-14,12875839,25905
2.150752106,249820,2380,277984,13839087,914120,12646983,2021-09-15,12924967,25784
2.158191291,252028,2386,279926,13890499,920101,12690472,2021-09-16,12970398,25512
2.165770632,254078,2389,281934,13938955,921233,12735788,2021-09-17,13017722,25467
2.173282266,256012,2394,284021,13986615,917857,12784737,2021-09-18,13068758,25615
2.184628916,257447,2403,285930,14020498,932234,12802334,2021-09-19,13088264,26080
2.195344709,259008,2409,287534,14050974,953532,12809908,2021-09-20,13097442,26117
2.20552024,260088,2413,289263,14081284,965875,12826146,2021-09-21,13115409,26762
2.218798684,261810,2419,290983,14112435,997996,12823456,2021-09-22,13114439,26754
2.231550868,262840,2427,292698,14151069,1034720,12823651,2021-09-23,13116349,27431
2.237305194,264490,2434,295127,14221682,1030500,12896055,2021-09-24,13191182,28203
2.25560835,266411,2441,298397,14285337,1056223,12930717,2021-09-25,13229114,29545
2.27653947,268140,2450,301165,14325932,1096862,12927905,2021-09-26,13229070,30575
2.291636673,269132,2456,303546,14365928,1120111,12942271,2021-09-27,13245817,31958
2.301204401,270928,2464,305834,14425565,1135394,12984337,2021-09-28,13290171,32442
2.312881819,272724,2474,308715,14485251,1137617,13038919,2021-09-29,13347634,33517
2.323893799,274205,2481,311276,14544246,1149658,13083312,2021-09-30,13394588,34590
0,0,5625,635243,19364122,0,0,2022-01-01,0,0
0,0,5694,639074,19456900,0,0,2022-01-02,0,0
0,0,5730,642199,19546883,0,0,2022-01-03,0,0
0,0,5781,645220,19671880,0,0,2022-01-04,0,0
0,0,5838,649661,19778824,0,0,2022-01-05,0,0
0,0,5887,653783,19875047,0,0,2022-01-06,0,0
0,0,5932,657496,19971712,0,0,2022-01-07,0,0
0,0,5986,661003,20046220,0,0,2022-01-08,0,0
0,0,6037,664374,20099870,0,0,2022-01-09,0,0
0,0,6071,667379,20148476,0,0,2022-01-10,0,0
0,0,6114,670471,20215297,0,0,2022-01-11,0,0
0,0,6166,674854,20277357,0,0,2022-01-12,0,0
0,0,6210,679018,20329715,0,0,2022-01-13,0,0
0,0,6259,683556,20389154,0,0,2022-01-14,0,0
0,0,6281,687975,20446099,0,0,2022-01-15,0,0
0,0,6310,692164,20489023,0,0,2022-01-16,0,0
0,0,6333,696018,20527722,0,0,2022-01-17,0,0
0,0,6378,700080,20588481,0,0,2022-01-18,0,0
0,0,6452,705883,20649522,0,0,2022-01-19,0,0
0,0,6480,712483,20709568,0,0,2022-01-20,0,0
0,0,6501,719249,20765930,0,0,2022-01-21,0,0
0,0,6529,726253,20838500,0,0,2022-01-22,0,0
0,0,6540,733879,20892539,0,0,2022-01-23,0,0
0,0,6565,741390,20943638,0,0,2022-01-24,0,0
0,0,6588,749960,21026346,0,0,2022-01-25,0,0
0,0,6620,762969,21110639,0,0,2022-01-26,0,0
0,0,6654,777483,21196354,0,0,2022-01-27,0,0
0,0,6678,793576,21269304,0,0,2022-01-28,0,0
0,0,6712,811089,21377393,0,0,2022-01-29,0,0
0,0,6732,828611,21448119,0,0,2022-01-30,0,0
0,0,6755,845688,21518073,0,0,2022-01-31,0,0
0,0,6772,864026,21595841,0,0,2022-02-01,0,0
0,0,6787,884294,21654236,0,0,2022-02-02,0,0
0,0,6812,907200,21733998,0,0,2022-02-03,0,0
0,0,6836,934638,21828007,0,0,2022-02-04,0,0
0,0,6858,970983,21938020,0,0,2022-02-05,0,0
0,0,6873,1009672,22006879,0,0,2022-02-06,0,0
0,0,6886,1044955,22072870,0,0,2022-02-07,0,0
0,0,6922,1081672,22072870,0,0,2022-02-08,0,0
0,0,6943,1131239,22072870,0,0,2022-02-09,0,0
0,0,6963,1185361,22072870,0,0,2022-02-10,0,0
0,0,7012,1239264,22072870,0,0,2022-02-11,0,0
0,0,7045,1294199,22072870,0,0,2022-02-12,0,0
0,0,7081,1350627,22072870,0,0,2022-02-13,0,0
0,0,7102,1405244,22072870,0,0,2022-02-14,0,0
0,0,7163,1462408,22072870,0,0,2022-02-15,0,0
0,0,7202,1552843,22072870,0,0,2022-02-16,0,0
0,0,7238,1645975,22072870,0,0,2022-02-17,0,0
0,0,7283,1755798,22072870,0,0,2022-02-18,0,0
0,0,7354,1858008,22072870,0,0,2022-02-19,0,0
0,0,7405,1962822,22072870,0,0,2022-02-20,0,0
0,0,7450,2058161,22072870,0,0,2022-02-21,0,0
0,0,7508,2157730,22072870,0,0,2022-02-22,0,0
0,0,7607,2329172,22072870,0,0,2022-02-23,0,0
0,0,7689,2499187,22072870,0,0,2022-02-24,0,0
0,0,7783,2665074,22072870,0,0,2022-02-25,0,0
0,0,7895,2831256,22072870,0,0,2022-02-26,0,0
0,0,7944,2994817,22072870,0,0,2022-02-27,0,0
0,0,8058,3134441,22072870,0,0,2022-02-28,0,0
0,0,8170,3273431,22072870,0,0,2022-03-01,0,0
0,0,8266,3492659,22072870,0,0,2022-03-02,0,0
0,0,8394,3691459,22072870,0,0,2022-03-03,0,0
0,0,8579,3958309,22072870,0,0,2022-03-04,0,0
0,0,8795,4212636,22072870,0,0,2022-03-05,0,0
0,0,8956,4456261,22072870,0,0,2022-03-06,0,0
0,0,9095,4666970,22072870,0,0,2022-03-07,0,0
0,0,9281,4869672,22072870,0,0,2022-03-08,0,0
0,0,9439,5212101,22072870,0,0,2022-03-09,0,0
0,0,9645,5539639,22072870,0,0,2022-03-10,0,0
0,0,9874,5822612,22072870,0,0,2022-03-11,0,0
0,0,10143,6206229,22072870,0,0,2022-03-12,0,0
0,0,10394,6556411,22072870,0,0,2022-03-13,0,0
0,0,10594,6866190,22072870,0,0,2022-03-14,0,0
0,0,10887,7228473,22072870,0,0,2022-03-15,0,0
0,0,11051,7629066,22072870,0,0,2022-03-16,0,0
0,0,11480,8250270,22072870,0,0,2022-03-17,0,0
0,0,11781,8657109,22072870,0,0,2022-03-18,0,0
0,0,12100,9038522,22072870,0,0,2022-03-19,0,0
0,0,12427,9373175,22072870,0,0,2022-03-20,0,0
0,0,12756,9582314,22072870,0,0,2022-03-21,0,0
0,0,13140,9936142,22072870,0,0,2022-03-22,0,0
0,0,13431,10426913,22072870,0,0,2022-03-23,0,0
0,0,13900,10822439,22072870,0,0,2022-03-24,0,0
0,0,14293,11161890,22072870,0,0,2022-03-25,0,0
0,0,14616,11497431,22072870,0,0,2022-03-26,0,0
0,0,14898,11815506,22072870,0,0,2022-03-27,0,0
0,0,15185,12002688,22072870,0,0,2022-03-28,0,0
0,0,15422,12350188,22072870,0,0,2022-03-29,0,0
0,0,15854,12774654,22072870,0,0,2022-03-30,0,0
0,0,16229,13095337,22072870,0,0,2022-03-31,0,0
0,0,16589,13375568,22072870,0,0,2022-04-01,0,0
0,0,16928,13639688,22072870,0,0,2022-04-02,0,0
0,0,17234,13873953,22072870,0,0,2022-04-03,0,0
0,0,17452,14001116,22072870,0,0,2022-04-04,0,0
0,0,17661,14267201,22072870,0,0,2022-04-05,0,0
0,0,18032,14553448,22072870,0,0,2022-04-06,0,0
0,0,18380,14778232,22072870,0,0,2022-04-07,0,0
0,0,18753,14983531,22072870,0,0,2022-04-08,0,0
0,0,19091,15169056,22072870,0,0,2022-04-09,0,0
0,0,19420,15333512,22072870,0,0,2022-04-10,0,0
0,0,19678,15424429,22072870,0,0,2022-04-11,0,0
0,0,19849,15635144,22072870,0,0,2022-04-12,0,0
0,0,20033,15830526,22072870,0,0,2022-04-13,0,0
0,0,20351,15978935,22072870,0,0,2022-04-14,0,0
0,0,20615,16104735,22072870,0,0,2022-04-15,0,0
0,0,20888,16212617,22072780,0,0,2022-04-16,0,0
0,0,21091,16305595,22072870,0,0,2022-04-17,0,0
0,0,21223,16353325,22072870,0,0,2022-04-18,0,0
0,0,21353,16471787,22072870,0,0,2022-04-19,0,0
0,0,21519,16583076,22072870,0,0,2022-04-20,0,0
0,0,21666,16673919,22072870,0,0,2022-04-21,0,0
0,0,21872,16754952,22072870,0,0,2022-04-22,0,0
0,0,22023,16830375,22072870,0,0,2022-04-23,0,0
0,0,22132,16895079,22072870,0,0,2022-04-24,0,0
0,0,22242,16929440,22072870,0,0,2022-04-25,0,0
0,0,22324,17009707,22072870,0,0,2022-04-26,0,0
0,0,22465,17086471,22072870,0,0,2022-04-27,0,0
0,0,22587,17143917,22072870,0,0,2022-04-28,0,0
0,0,22723,17194473,22072870,0,0,2022-04-29,0,0
0,0,22793,17237717,22072870,0,0,2022-04-30,0,0
0,0,22874,17275477,22072870,0,0,2022-05-01,0,0
0,0,22957,17295553,22072870,0,0,2022-05-02,0,0
0,0,23006,17346659,22072870,0,0,2022-05-03,0,0
0,0,23078,17395705,22072870,0,0,2022-05-04,0,0
0,0,23157,17437984,22072870,0,0,2022-05-05,0,0
0,0,23205,17464662,22072870,0,0,2022-05-06,0,0
0,0,23288,17504225,22072870,0,0,2022-05-07,0,0
0,0,23359,17544273,22072870,0,0,2022-05-08,0,0
0,0,23399,17564861,22072870,0,0,2022-05-09,0,0
0,0,23461,17614757,22072870,0,0,2022-05-10,0,0
0,0,23490,17658638,22072870,0,0,2022-05-11,0,0
0,0,23553,17694520,22072870,0,0,2022-05-12,0,0
0,0,23605,17726955,22072870,0,0,2022-05-13,0,0
0,0,23660,17756527,22072870,0,0,2022-05-14,0,0
0,0,23708,17781952,22072870,0,0,2022-05-15,0,0
0,0,23743,17795242,22072870,0,0,2022-05-16,0,0
0,0,23770,17830327,22072870,0,0,2022-05-17,0,0
0,0,23801,17861660,22072870,0,0,2022-05-18,0,0
0,0,23841,17889769,22072870,0,0,2022-05-19,0,0
0,0,23884,17914882,22072870,0,0,2022-05-20,0,0
0,0,23910,17938332,22072870,0,0,2022-05-21,0,0
0,0,23964,17957621,22072870,0,0,2022-05-22,0,0
0,0,23986,17967592,22072870,0,0,2022-05-23,0,0
0,0,24005,17993923,22072870,0,0,2022-05-24,0,0
0,0,24028,18017859,22072870,0,0,2022-05-25,0,0
0,0,24062,18036664,22072870,0,0,2022-05-26,0,0
0,0,24102,18053236,22072870,0,0,2022-05-27,0,0
0,0,24138,18067610,22072870,0,0,2022-05-28,0,0
0,0,24157,18080257,22072870,0,0,2022-05-29,0,0
0,0,24166,18086392,22072870,0,0,2022-05-30,0,0
0,0,24175,18103577,22072870,0,0,2022-05-31,0,0
0,0,24196,18119345,22072870,0,0,2022-06-01,0,0
0,0,24211,18129224,22072870,0,0,2022-06-02,0,0
0,0,24228,18141754,22072870,0,0,2022-06-03,0,0
0,0,24237,18153783,22072870,0,0,2022-06-04,0,0
0,0,24257,18163615,22072870,0,0,2022-06-05,0,0
0,0,24278,18168637,22072870,0,0,2022-06-06,0,0
0,0,24298,18174804,22072870,0,0,2022-06-07,0,0
0,0,24304,18188153,22072870,0,0,2022-06-08,0,0
0,0,24322,18200302,22072870,0,0,2022-06-09,0,0
0,0,24340,18209608,22072870,0,0,2022-06-10,0,0
0,0,24350,18218046,22072870,0,0,2022-06-11,0,0
0,0,24370,18225423,22072870,0,0,2022-06-12,0,0
0,0,24387,18229246,22072870,0,0,2022-06-13,0,0
0,0,24389,18239008,22072870,0,0,2022-06-14,0,0
0,0,24398,18248422,22072870,0,0,2022-06-15,0,0
0,0,24406,18256364,22072870,0,0,2022-06-16,0,0
0,0,24415,18263556,22072870,0,0,2022-06-17,0,0
0,0,24426,18270377,22072870,0,0,2022-06-18,0,0
0,0,24440,18276443,22072870,0,0,2022-06-19,0,0
0,0,24450,18279976,22072870,0,0,2022-06-20,0,0
0,0,24462,18289265,22072870,0,0,2022-06-21,0,0
0,0,24473,18298231,22072870,0,0,2022-06-22,0,0
0,0,24487,18305719,22072870,0,0,2022-06-23,0,0
0,0,24497,18312935,22072870,0,0,2022-06-24,0,0
0,0,24515,18319708,22072870,0,0,2022-06-25,0,0
0,0,24521,18325946,22072870,0,0,2022-06-26,0,0
0,0,24524,18329369,22072870,0,0,2022-06-27,0,0
0,0,24529,18339262,22072870,0,0,2022-06-28,0,0
0,0,24536,18349716,22072870,0,0,2022-06-29,0,0
0,0,24546,18359307,22072870,0,0,2022-06-30,0,0
0,0,24554,18368824,22072870,0,0,2022-07-01,0,0
0,0,24561,18379525,22072870,0,0,2022-07-02,0,0
0,0,24569,18389573,22072870,0,0,2022-07-03,0,0
0,0,24573,18395822,22072870,0,0,2022-07-04,0,0
0,0,24575,18413942,22072870,0,0,2022-07-05,0,0
0,0,24582,18433301,22072870,0,0,2022-07-06,0,0
0,0,24592,18451799,22072870,0,0,2022-07-07,0,0
0,0,24604,18471097,22072870,0,0,2022-07-08,0,0
0,0,24623,18491357,22072870,0,0,2022-07-09,0,0
0,0,24642,18511754,22072870,0,0,2022-07-10,0,0
0,0,24660,18524435,22072870,0,0,2022-07-11,0,0
0,0,24667,18561766,22072870,0,0,2022-07-12,0,0
0,0,24679,18602014,22072870,0,0,2022-07-13,0,0
0,0,24695,18641158,22072870,0,0,2022-07-14,0,0
0,0,24711,18680000,22072870,0,0,2022-07-15,0,0
0,0,24727,18721303,22072870,0,0,2022-07-16,0,0
0,0,24741,18761129,22072870,0,0,2022-07-17,0,0
0,0,24752,18787908,22072870,0,0,2022-07-18,0,0
0,0,24764,18861450,22072870,0,0,2022-07-19,0,0
0,0,24776,18937795,22072870,0,0,2022-07-20,0,0
0,0,24793,19008926,22072870,0,0,2022-07-21,0,0
0,0,24824,19077520,22072870,0,0,2022-07-22,0,0
0,0,24854,19146028,22072870,0,0,2022-07-23,0,0
0,0,24872,19211401,22072870,0,0,2022-07-24,0,0
0,0,24889,19247261,22072870,0,0,2022-07-25,0,0
0,0,24906,19346477,22072870,0,0,2022-07-26,0,0
0,0,24931,19446717,22072870,0,0,2022-07-27,0,0
0,0,24956,19535065,22072870,0,0,2022-07-28,0,0
0,0,24991,19620354,22072870,0,0,2022-07-29,0,0
0,0,25026,19702325,22072870,0,0,2022-07-30,0,0
0,0,25046,19775884,22072870,0,0,2022-07-31,0,0
0,0,25067,19820538,22072870,0,0,2022-08-01,0,0
0,0,25083,19932291,22072870,0,0,2022-08-02,0,0
0,0,25109,20052173,22072870,0,0,2022-08-03,0,0
0,0,25143,20160027,22072870,0,0,2022-08-04,0,0
0,0,25190,20272882,22072870,0,0,2022-08-05,0,0
0,0,25235,20383501,22072870,0,0,2022-08-06,0,0
0,0,25262,20488969,22072870,0,0,2022-08-07,0,0
0,0,25291,20544231,22072870,0,0,2022-08-08,0,0
0,0,25331,20694097,22072870,0,0,2022-08-09,0,0
0,0,25381,20845787,22072870,0,0,2022-08-10,0,0
0,0,25440,20982950,22072870,0,0,2022-08-11,0,0
0,0,25498,21111590,22072870,0,0,2022-08-12,0,0
0,0,25565,21236135,22072870,0,0,2022-08-13,0,0
0,0,25622,21355681,22072870,0,0,2022-08-14,0,0
0,0,25672,21417737,22072870,0,0,2022-08-15,0,0
0,0,25709,21501742,22072870,0,0,2022-08-16,0,0
0,0,25751,21682395,22072870,0,0,2022-08-17,0,0
0,0,25812,21860883,22072870,0,0,2022-08-18,0,0
0,0,25895,21999631,22072870,0,0,2022-08-19,0,0
0,0,25979,22128971,22072870,0,0,2022-08-20,0,0
0,0,26043,22239879,22072870,0,0,2022-08-21,0,0
0,0,26108,22298898,22072870,0,0,2022-08-22,0,0
0,0,26160,22449064,22072870,0,0,2022-08-23,0,0
0,0,26223,22588367,22072870,0,0,2022-08-24,0,0
0,0,26331,22701686,22072870,0,0,2022-08-25,0,0
0,0,26412,22802779,22072870,0,0,2022-08-26,0,0
0,0,26498,22898265,22072870,0,0,2022-08-27,0,0
0,0,26568,22983498,22072870,0,0,2022-08-28,0,0
0,0,26617,23026612,22072870,0,0,2022-08-29,0,0
0,0,26688,23142227,22072870,0,0,2022-08-30,0,0
0,0,26763,23246075,22072870,0,0,2022-08-31,0,0
0,0,26875,23327609,22072870,0,0,2022-09-01,0,0
0,0,26939,23417164,22072870,0,0,2022-09-02,0,0
0,0,27013,23496885,22072870,0,0,2022-09-03,0,0
0,0,27092,23569012,22072870,0,0,2022-09-04,0,0
0,0,27148,23606542,22072870,0,0,2022-09-05,0,0
0,0,27192,23706364,22072870,0,0,2022-09-06,0,0
0,0,27248,23791862,22072870,0,0,2022-09-07,0,0
0,0,27312,23864479,22072870,0,0,2022-09-08,0,0
0,0,27380,23933868,22072870,0,0,2022-09-09,0,0
0,0,27428,23976548,22072870,0,0,2022-09-10,0,0
0,0,27475,24004748,22072870,0,0,2022-09-11,0,0
0,0,27497,24041671,22072870,0,0,2022-09-12,0,0
0,0,27532,24098929,22072870,0,0,2022-09-13,0,0
0,0,27592,24192858,22072870,0,0,2022-09-14,0,0
0,0,27664,24264302,22072870,0,0,2022-09-15,0,0
0,0,27724,24316150,22072870,0,0,2022-09-16,0,0
0,0,27781,24359572,22072870,0,0,2022-09-17,0,0
0,0,27827,24394315,22072870,0,0,2022-09-18,0,0
0,0,27866,24413704,22072870,0,0,2022-09-19,0,0
0,0,27890,24461567,22072870,0,0,2022-09-20,0,0
0,0,27949,24502823,22072870,0,0,2022-09-21,0,0
0,0,28008,24535813,22072870,0,0,2022-09-22,0,0
0,0,28076,24564896,22072870,0,0,2022-09-23,0,0
0,0,28139,24594218,22072870,0,0,2022-09-24,0,0
0,0,28212,24619990,22072870,0,0,2022-09-25,0,0
0,0,28245,24634144,22072780,0,0,2022-09-26,0,0
0,0,28271,24673554,22072870,0,0,2022-09-27,0,0
0,0,28317,24709682,22072870,0,0,2022-09-28,0,0
0,0,28363,24740521,22072870,0,0,2022-09-29,0,0
0,0,28405,24768984,22072870,0,0,2022-09-30,0,0
0,0,32219,29116662,22072870,0,0,2023-01-01,0,0
0,0,32272,29139386,22072870,0,0,2023-01-02,0,0
0,0,32301,29220425,22072870,0,0,2023-01-03,0,0
0,0,32355,29298979,22072870,0,0,2023-01-04,0,0
0,0,32421,29363073,22072870,0,0,2023-01-05,0,0
0,0,32496,29420027,22072870,0,0,2023-01-06,0,0
0,0,32556,29473758,22072870,0,0,2023-01-07,0,0
0,0,32590,29520501,22072870,0,0,2023-01-08,0,0
0,0,32625,29539590,22072870,0,0,2023-01-09,0,0
0,0,32669,29599614,22072870,0,0,2023-01-10,0,0
0,0,32745,29653947,22072870,0,0,2023-01-11,0,0
0,0,32816,29697896,22072870,0,0,2023-01-12,0,0
0,0,32867,29737622,22072870,0,0,2023-01-13,0,0
0,0,32912,29774267,22072870,0,0,2023-01-14,0,0
0,0,32949,29806827,22072870,0,0,2023-01-15,0,0
0,0,32984,29820957,22072870,0,0,2023-01-16,0,0
0,0,33014,29861141,22072870,0,0,2023-01-17,0,0
0,0,33057,29898037,22072870,0,0,2023-01-18,0,0
0,0,33104,29927843,22072870,0,0,2023-01-19,0,0
0,0,33134,29955251,22072870,0,0,2023-01-20,0,0
0,0,33185,29982710,22072870,0,0,2023-01-21,0,0
0,0,33209,29999327,22072870,0,0,2023-01-22,0,0
0,0,33235,30008544,22072870,0,0,2023-01-23,0,0
0,0,33245,30020794,22072870,0,0,2023-01-24,0,0
0,0,33270,30040321,22072870,0,0,2023-01-25,0,0
0,0,33296,30075407,22072870,0,0,2023-01-26,0,0
0,0,33332,30107118,22072870,0,0,2023-01-27,0,0
0,0,33361,30130645,22072870,0,0,2023-01-28,0,0
0,0,33390,30149509,22072870,0,0,2023-01-29,0,0
0,0,33420,30156921,22072870,0,0,2023-01-30,0,0
0,0,33444,30176538,22072870,0,0,2023-01-31,0,0
0,0,33486,30196952,22072870,0,0,2023-02-01,0,0
0,0,33522,30213808,22072870,0,0,2023-02-02,0,0
0,0,33552,30228769,22072870,0,0,2023-02-03,0,0
0,0,33574,30243280,22072870,0,0,2023-02-04,0,0
0,0,33596,30257291,22072870,0,0,2023-02-05,0,0
0,0,33614,30263138,22072870,0,0,2023-02-06,0,0
0,0,33624,30279250,22072870,0,0,2023-02-07,0,0
0,0,33646,30297177,22072870,0,0,2023-02-08,0,0
0,0,33680,30311839,22072870,0,0,2023-02-09,0,0
0,0,33697,30325343,22072870,0,0,2023-02-10,0,0
0,0,33713,30338101,22072870,0,0,2023-02-11,0,0
0,0,33736,30350143,22072870,0,0,2023-02-12,0,0
0,0,33747,30355311,22072870,0,0,2023-02-13,0,0
0,0,33758,30369679,22072870,0,0,2023-02-14,0,0
0,0,33782,30384628,22072870,0,0,2023-02-15,0,0
0,0,33804,30397143,22072870,0,0,2023-02-16,0,0
0,0,33832,30408579,22072870,0,0,2023-02-17,0,0
0,0,33844,30419178,22072870,0,0,2023-02-18,0,0
0,0,33856,30429448,22072870,0,0,2023-02-19,0,0
0,0,33865,30433770,22072870,0,0,2023-02-20,0,0
0,0,33873,30445641,22072870,0,0,2023-02-21,0,0
0,0,33887,30458717,22072870,0,0,2023-02-22,0,0
0,0,33909,30469560,22072870,0,0,2023-02-23,0,0
0,0,33929,30479611,22072870,0,0,2023-02-24,0,0
0,0,33940,30489563,22072870,0,0,2023-02-25,0,0
0,0,33946,30498770,22072870,0,0,2023-02-26,0,0
0,0,33961,30502794,22072870,0,0,2023-02-27,0,0
0,0,33977,30513605,22072870,0,0,2023-02-28,0,0
0,0,33988,30525893,22072870,0,0,2023-03-01,0,0
0,0,34003,30533448,22072870,0,0,2023-03-02,0,0
0,0,34014,30543856,22072870,0,0,2023-03-03,0,0
0,0,34020,30554985,22072870,0,0,2023-03-04,0,0
0,0,34025,30564793,22072870,0,0,2023-03-05,0,0
0,0,34034,30569088,22072870,0,0,2023-03-06,0,0
0,0,34049,30581369,22072870,0,0,2023-03-07,0,0
0,0,34061,30594160,22072870,0,0,2023-03-08,0,0
0,0,34081,30605045,22072870,0,0,2023-03-09,0,0
0,0,34093,30615380,22072870,0,0,2023-03-10,0,0
0,0,34096,30625140,22072870,0,0,2023-03-11,0,0
0,0,34103,30634473,22072870,0,0,2023-03-12,0,0
0,0,34115,30638670,22072870,0,0,2023-03-13,0,0
0,0,34121,30650069,22072870,0,0,2023-03-14,0,0
0,0,34131,30661967,22072870,0,0,2023-03-15,0,0
0,0,34148,30671899,22072870,0,0,2023-03-16,0,0
0,0,34155,30680964,22072870,0,0,2023-03-17,0,0
0,0,34159,30690223,22072870,0,0,2023-03-18,0,0
0,0,34162,30699030,22072870,0,0,2023-03-19,0,0
0,0,34171,30702960,22072870,0,0,2023-03-20,0,0
0,0,34178,30714976,22072870,0,0,2023-03-21,0,0
0,0,34187,30728057,22072870,0,0,2023-03-22,0,0
0,0,34201,30739457,22072870,0,0,2023-03-23,0,0
0,0,34211,30749447,22072870,0,0,2023-03-24,0,0
0,0,34217,30759895,22072870,0,0,2023-03-25,0,0
0,0,34220,30769256,22072870,0,0,2023-03-26,0,0
0,0,34223,30773460,22072870,0,0,2023-03-27,0,0
0,0,34231,30785589,22072870,0,0,2023-03-28,0,0
0,0,34245,30798723,22072870,0,0,2023-03-29,0,0
0,0,34255,30809762,22072870,0,0,2023-03-30,0,0
0,0,34265,30820130,22072870,0,0,2023-03-31,0,0
0,0,34270,30829827,22072870,0,0,2023-04-01,0,0
0,0,34274,30839551,22072870,0,0,2023-04-02,0,0
0,0,34281,30843900,22072870,0,0,2023-04-03,0,0
0,0,34289,30857275,22072870,0,0,2023-04-04,0,0
0,0,34296,30871740,22072870,0,0,2023-04-05,0,0
0,0,34309,30883824,22072870,0,0,2023-04-06,0,0
0,0,34318,30894559,22072870,0,0,2023-04-07,0,0
0,0,34322,30904502,22072870,0,0,2023-04-08,0,0
0,0,34324,30914055,22072870,0,0,2023-04-09,0,0
0,0,34332,30918060,22072870,0,0,2023-04-10,0,0
0,0,34342,30930504,22072870,0,0,2023-04-11,0,0
0,0,34356,30944430,22072870,0,0,2023-04-12,0,0
0,0,34361,30956026,22072870,0,0,2023-04-13,0,0
0,0,34366,30967692,22072870,0,0,2023-04-14,0,0
0,0,34368,30978954,22072870,0,0,2023-04-15,0,0
0,0,34372,30989142,22072870,0,0,2023-04-16,0,0
0,0,34376,30994088,22072870,0,0,2023-04-17,0,0
0,0,34386,31009261,22072870,0,0,2023-04-18,0,0
0,0,34392,31025769,22072870,0,0,2023-04-19,0,0
0,0,34401,31039863,22072870,0,0,2023-04-20,0,0
0,0,34408,31053459,22072870,0,0,2023-04-21,0,0
0,0,34413,31066725,22072870,0,0,2023-04-22,0,0
0,0,34419,31078559,22072870,0,0,2023-04-23,0,0
0,0,34427,31083586,22072870,0,0,2023-04-24,0,0
0,0,34434,31098403,22072870,0,0,2023-04-25,0,0
0,0,34449,31114786,22072870,0,0,2023-04-26,0,0
0,0,34460,31129070,22072870,0,0,2023-04-27,0,0
0,0,34471,31142861,22072870,0,0,2023-04-28,0,0
0,0,34474,31157272,22072870,0,0,2023-04-29,0,0
0,0,34479,31170886,22072870,0,0,2023-04-30,0,0
0,0,34487,31176660,22072870,0,0,2023-05-01,0,0
0,0,34497,31192401,22072870,0,0,2023-05-02,0,0
0,0,34505,31212598,22072870,0,0,2023-05-03,0,0
0,0,34512,31232744,22072870,0,0,2023-05-04,0,0
0,0,34518,31251203,22072870,0,0,2023-05-05,0,0
0,0,34804,31728115,22072870,0,0,2023-06-01,0,0
0,0,34815,31747839,22072870,0,0,2023-06-02,0,0
0,0,34815,31766502,22072870,0,0,2023-06-03,0,0
0,0,34824,31782676,22072870,0,0,2023-06-04,0,0
0,0,34827,31789625,22072870,0,0,2023-06-05,0,0
0,0,34831,31809086,22072870,0,0,2023-06-06,0,0
0,0,0,31824304,22072870,0,0,2023-06-07,0,0
0,0,34856,31844692,22072870,0,0,2023-06-08,0,0
0,0,34876,31865907,22072870,0,0,2023-06-09,0,0
0,0,34881,31883679,22072870,0,0,2023-06-10,0,0
0,0,34889,31899685,22072870,0,0,2023-06-11,0,0
0,0,34893,31904667,22072870,0,0,2023-06-12,0,0
0,0,34907,31925396,22072870,0,0,2023-06-13,0,0
0,0,34921,31946111,22072870,0,0,2023-06-14,0,0
0,0,34937,31963539,22072870,0,0,2023-06-15,0,0
0,0,34949,31980032,22072870,0,0,2023-06-16,0,0
0,0,34953,31996784,22072870,0,0,2023-06-17,0,0
0,0,34956,32012107,22072870,0,0,2023-06-18,0,0
0,0,34960,32018486,22072870,0,0,2023-06-19,0,0
0,0,34964,32038176,22072870,0,0,2023-06-20,0,0
0,0,34978,32059137,22072870,0,0,2023-06-21,0,0
0,0,34992,32076269,22072870,0,0,2023-06-22,0,0
0,0,35002,32092521,22072870,0,0,2023-06-23,0,0
0,0,35008,32108935,22072870,0,0,2023-06-24,0,0
0,0,35013,32125005,22072870,0,0,2023-06-25,0,0
0,0,35017,32131606,22072870,0,0,2023-06-26,0,0
0,0,35027,32152429,22072870,0,0,2023-06-27,0,0
0,0,35040,32173963,22072870,0,0,2023-06-28,0,0
0,0,35052,32193262,22072870,0,0,2023-06-29,0,0
0,0,35063,32212141,22072870,0,0,2023-06-30,0,0
0,0,35066,32231027,22072870,0,0,2023-07-01,0,0
0,0,35068,32248632,22072870,0,0,2023-07-02,0,0
0,0,35071,32256154,22072870,0,0,2023-07-03,0,0
0,0,35074,32281780,22072870,0,0,2023-07-04,0,0
0,0,35085,32309215,22072870,0,0,2023-07-05,0,0
0,0,35097,32333574,22072870,0,0,2023-07-06,0,0
0,0,35104,32358345,22072870,0,0,2023-07-07,0,0
0,0,35107,32384022,22072870,0,0,2023-07-08,0,0
0,0,35109,32406598,22072870,0,0,2023-07-09,0,0
0,0,35111,32415857,22072870,0,0,2023-07-10,0,0
0,0,35117,32447048,22072870,0,0,2023-07-11,0,0
0,0,35127,32481168,22072870,0,0,2023-07-12,0,0
0,0,35140,32510517,22072870,0,0,2023-07-13,0,0
0,0,35144,32540077,22072870,0,0,2023-07-14,0,0
0,0,35150,32570956,22072870,0,0,2023-07-15,0,0
0,0,35155,32599388,22072870,0,0,2023-07-16,0,0
0,0,35159,32611509,22072870,0,0,2023-07-17,0,0
0,0,35164,32653466,22072870,0,0,2023-07-18,0,0
0,0,35170,32700495,22072870,0,0,2023-07-19,0,0
0,0,35180,32741356,22072870,0,0,2023-07-20,0,0
0,0,35194,32782260,22072870,0,0,2023-07-21,0,0
0,0,35201,32824760,22072870,0,0,2023-07-22,0,0
0,0,35208,32866350,22072870,0,0,2023-07-23,0,0
0,0,35216,32883134,22072870,0,0,2023-07-24,0,0
0,0,35225,32933904,22072870,0,0,2023-07-25,0,0
0,0,35243,32991124,22072870,0,0,2023-07-26,0,0
0,0,35266,33042367,22072870,0,0,2023-07-27,0,0
0,0,35283,33090442,22072870,0,0,2023-07-28,0,0
0,0,35289,33138645,22072870,0,0,2023-07-29,0,0
0,0,35303,33183410,22072870,0,0,2023-07-30,0,0
0,0,35313,33201796,22072870,0,0,2023-07-31,0,0
0,0,35322,33257857,22072870,0,0,2023-08-01,0,0
0,0,35339,33322012,22072870,0,0,2023-08-02,0,0
0,0,35357,33377472,22072870,0,0,2023-08-03,0,0
0,0,35374,33432201,22072870,0,0,2023-08-04,0,0
0,0,35386,33485320,22072870,0,0,2023-08-05,0,0
0,0,35400,33534219,22072870,0,0,2023-08-06,0,0
0,0,35411,33554474,22072870,0,0,2023-08-07,0,0
0,0,35429,33615792,22072870,0,0,2023-08-08,0,0
0,0,35452,33681491,22072870,0,0,2023-08-09,0,0
0,0,35477,33737370,22072870,0,0,2023-08-10,0,0
0,0,35505,33786715,22072870,0,0,2023-08-11,0,0
0,0,35522,33834562,22072870,0,0,2023-08-12,0,0
0,0,35537,33880303,22072870,0,0,2023-08-13,0,0
0,0,35557,33897537,22072870,0,0,2023-08-14,0,0
0,0,35563,33944427,22072870,0,0,2023-08-15,0,0
0,0,35579,33981389,22072870,0,0,2023-08-16,0,0
0,0,35600,34031243,22072870,0,0,2023-08-17,0,0
0,0,35623,34082179,22072870,0,0,2023-08-18,0,0
0,0,35645,34126241,22072870,0,0,2023-08-19,0,0
0,0,35667,34165230,22072870,0,0,2023-08-20,0,0
0,0,35687,34179800,22072870,0,0,2023-08-21,0,0
0,0,35709,34227069,22072870,0,0,2023-08-22,0,0
0,0,35723,34275231,22072870,0,0,2023-08-23,0,0
0,0,35740,34316046,22072870,0,0,2023-08-24,0,0
0,0,35764,34353555,22072870,0,0,2023-08-25,0,0
0,0,35777,34390450,22072870,0,0,2023-08-26,0,0
0,0,35800,34423432,22072870,0,0,2023-08-27,0,0
0,0,35812,34436586,22072870,0,0,2023-08-28,0,0
0,0,35833,34479536,22072870,0,0,2023-08-29,0,0
0,0,35858,34522122,22072870,0,0,2023-08-30,0,0
0,0,35934,34571873,22072870,0,0,2023-08-31,0,0
